3.61307,0.410097,2.20221,0.13957,-211,1
47.7557,0.490716,2.27226,0.13957,-211,1
0.218634,-2.19242,-2.00685,0.13957,-211,1
0.284503,-0.85968,0.604936,0.13957,-211,1
15.4717,1.38111,-0.702145,0.13957,211,1
2.97033,1.49594,-0.633228,0.13957,211,1
0.811976,1.54353,-0.738902,0.13957,211,1
12.6354,1.49297,-0.774769,0.49368,321,1
0.875939,1.57827,-1.25675,0.13957,-211,1
2.42831,1.47044,-1.19,0.13957,211,1
12.8608,1.54556,-1.00538,0.93957,2112,0
3.84286,1.58646,-0.943517,0.93957,-2112,0
9.88483,0.447377,2.40472,0.13957,-211,1
5.85946,0.543581,2.25877,0.13957,-211,1
2.27796,0.209456,2.41247,0.13957,211,1
1.87475,0.846314,1.71673,0.13957,-211,1
0.951621,0.854676,1.40577,0.93827,2212,1
1.10472,0.598737,2.52371,0.93827,-2212,1
0.534405,2.03638,-1.45784,0.93827,2212,1
0.972957,2.24751,0.84902,0.93827,-2212,1
0.482303,1.30929,-0.641246,0.13957,211,1
0.571135,4.20226,2.71513,0.93957,2112,0
0.344045,3.86389,2.50652,0.93827,-2212,1
1.09315,4.21502,3.04632,0.93827,2212,1
0.34471,4.52009,1.31665,0.13957,211,1
0.947179,3.94408,2.59387,0.13957,-211,1
0.278261,5.71893,1.22863,0.13957,-211,1
0.410973,8.89321,2.72296,0.93957,2112,0
0.552973,5.73221,-2.52164,0.13957,211,1
0.460362,1.6253,1.4428,0.49368,321,1
0.764727,-2.24358,-2.92659,0.49368,-321,1
0.597942,-1.8765,1.98602,0.13957,211,1
0.766986,-4.29058,-0.44365,0.13957,-211,1
1.20942,-3.43042,1.36929,0.13957,-211,1
0.512638,-1.83544,-0.902909,0.49368,321,1
0.594594,-0.212542,-1.74544,0.49368,-321,1
0.262257,2.98221,0.757476,0.49368,-321,1
0.353129,1.30555,1.62176,0.13957,211,1
0.333706,5.83902,2.40936,0.93827,2212,1
2.14691,4.9658,1.45493,0.93827,-2212,1
4.98758,4.69245,1.97682,0.13957,211,1
0.890349,3.98117,2.57587,0.13957,-211,1
0.199479,5.18515,-2.41452,0.13957,211,1
0.369201,-1.81017,-0.841967,0.93957,2112,0
0.792933,-2.59526,0.0913204,0.93827,-2212,1
0.330956,-4.69808,-2.95728,0.13957,211,1
0.278675,-6.69996,-0.173302,0.13957,-211,1
0.428339,-6.42821,2.12705,0.13957,211,1
0.140431,-5.8591,0.889007,0.13957,-211,1
0.311678,-6.51412,-2.30565,0.13957,-211,1
15.4891,0.450156,2.30347,0.13957,211,1
27.4218,0.492134,2.30401,0.13957,211,1
7.92631,0.507703,2.35279,0.13957,-211,1
0.931107,-5.06528,2.03771,0.13957,-211,1
0.286247,-4.69028,2.93657,0.13957,211,1
0.495608,-5.25644,-1.19517,0.13957,-211,1
0.855102,-4.19039,1.55848,0.13957,211,1
0.369651,-5.23977,-0.381046,0.13957,-211,1
0.421896,-2.44869,1.49668,0.13957,211,1
0.398205,-2.15917,0.66508,0.13957,211,1
0.257365,-0.556996,-1.50535,0.13957,211,1
2.87063,1.34173,-0.603203,0.13957,-211,1
4.22558,1.44125,-0.553358,0.13957,-211,1
1.33895,1.60532,-0.423101,0.13957,-211,1
18.2103,1.45222,-0.698476,0.49761,130,0
11.9603,0.511541,2.28764,0.13957,211,1
12.9085,0.564306,2.33073,0.13957,-211,1
10.9578,0.551416,2.30019,0.13957,211,1
0.776501,0.350487,2.04178,0.13957,211,1
10.5915,0.55756,2.28089,0.13957,-211,1
1.58713,0.436038,2.32988,0.13957,211,1
0.735498,1.36991,2.31974,0.13957,-211,1
0.726519,0.859978,2.45187,0.13957,211,1
0.311763,1.87145,1.67034,0.49368,321,1
0.296016,2.40313,-2.87869,0.13957,-211,1
0.336198,0.813847,-2.70585,0.49368,-321,1
2.19688,3.21733,-2.28042,0.93827,-2212,1
1.15577,3.36124,-2.43388,0.13957,-211,1
0.6736,3.57429,-1.82532,0.13957,211,1
0.37983,3.89271,-1.93842,0.13957,211,1
0.523791,4.01907,-0.173459,0.13957,-211,1
0.140963,5.14252,2.05378,0.13957,211,1
0.0592254,5.88423,0.378136,0.13957,211,1
0.267116,8.34584,-0.392,0.49368,-321,1
0.472214,7.2191,-1.96965,0.13957,211,1
0.472121,6.5124,3.026,0.13957,-211,1
0.33674,3.12936,-2.54965,0.13957,211,1
0.318134,1.55653,-2.01342,0.13957,-211,1
0.16014,-5.54705,-2.6192,0.13957,211,1
0.756237,-6.43965,0.792208,0.49761,130,0
0.584306,-7.75181,-2.07564,0.49368,-321,1
0.425193,-8.39454,2.41869,0.93827,2212,1
0.13454,-8.67246,-1.80251,0.13957,211,1
1.25956,-4.5759,2.44006,0.13957,211,1
0.273614,1.43213,-0.45415,0.13957,211,1
0.365408,5.56477,0.351257,0.49368,-321,1
0.337609,4.35363,0.813621,0.13957,211,1
0.525273,3.83104,2.57305,0.13957,-211,1
0.345572,-3.06048,0.0555059,0.13957,-211,1
0.318382,-6.12383,-0.577701,0.13957,211,1
0.59613,-8.44492,2.85219,0.13957,211,1
1.00213,6.06911,1.82272,0.49761,130,0
39.6957,0.388009,2.3257,0.49368,-321,1
6.11656,0.521369,2.25941,0.13957,211,1
10.1575,0.463638,2.25765,0.13957,-211,1
11.788,0.523728,2.30398,0.13957,211,1
27.34,0.500607,2.30479,0.13957,-211,1
0.233557,-5.6072,0.564571,0.13957,211,1
0.285727,-6.76052,-2.09195,0.13957,-211,1
0.17575,-4.46141,2.26883,0,22,0
0.343959,-3.26824,-0.0526236,0,22,0
3.65534,1.3722,-0.68429,0,22,0
4.10666,1.37326,-0.670448,0,22,0
3.16617,1.33643,-0.677109,0,22,0
5.41582,1.47399,-0.671762,0,22,0
3.97289,1.40121,-0.708,0,22,0
1.65658,1.39364,-0.655926,0,22,0
1.86389,1.56656,-0.740406,0.13957,211,1
1.94307,1.4269,-0.517872,0.13957,-211,1
2.29169,1.34032,-0.784972,0,22,0
5.84741,1.37295,-0.802144,0,22,0
0.486581,1.51018,-0.633064,0.13957,211,1
1.98873,1.46816,-0.830224,0.13957,-211,1
0.354285,1.76316,-0.861667,0,22,0
0.41904,1.93246,-0.553868,0,22,0
1.63132,1.55692,-1.06346,0,22,0
38.2579,0.519978,2.35896,0.93827,2212,1
1.41693,0.531259,2.29314,0,22,0
3.32352,0.521833,2.34773,0,22,0
4.70363,0.487873,2.34426,0,22,0
0.38018,0.606641,2.26908,0,22,0
1.25167,0.734067,2.12052,0,22,0
0.0901134,0.660624,2.26674,0,22,0
7.34739,0.522468,2.35843,0,22,0
2.14285,0.485867,2.31382,0.13957,211,1
8.25831,0.521039,2.31818,0.13957,-211,1
0.295005,0.274601,1.82767,0,22,0
0.452975,-0.085968,1.75752,0,22,0
0.0255625,3.63902,0.0502174,0.13957,211,1
0.0657697,-0.762912,-1.99538,0.13957,-211,1
0.335549,1.67068,0.591681,0,22,0
0.262072,2.03411,0.863897,0,22,0
0.168174,3.57651,-1.28159,0,22,0
0.376696,3.23517,-1.69682,0,22,0
0.0751445,6.57187,0.971926,0.13957,211,1
0.636428,4.82645,2.09355,0.13957,-211,1
0.247563,4.17456,-1.28866,0,22,0
0.0314537,2.99363,-2.20051,0,22,0
0.0292408,4.16102,2.74322,0,22,0
0.140077,5.87417,-2.66271,0,22,0
0.397669,5.72932,-1.4773,0,22,0
0.108711,5.73547,2.92053,0,22,0
0.462033,3.93066,-1.92615,0,22,0
0.240012,-8.2225,-1.13996,0.13957,211,1
0.120788,-8.54227,2.25844,0.13957,-211,1
2.75185,4.93944,2.11326,0.93827,2212,1
0.196833,5.23608,1.97902,0.13957,-211,1
0.144519,4.02637,2.25125,0,22,0
0.732134,4.20885,2.09823,0,22,0
1.3495,4.08541,2.04182,0,22,0
0.232067,3.91243,2.49281,0.13957,211,1
0.300463,4.76468,2.1346,0.13957,-211,1
0.858746,3.37959,1.8547,0,22,0
0.372895,3.31118,1.6257,0,22,0
0.559029,0.196126,2.60739,0,22,0
0.0874334,-0.401079,2.68074,0,22,0
0.651361,-0.915692,-1.66416,0,22,0
0.181003,-0.525216,-1.65333,0,22,0
0.0318502,-4.04343,-0.716444,0.13957,211,1
0.0358252,-4.04077,-2.14096,0.13957,-211,1
0.140878,-6.40584,2.70075,0.13957,211,1
0.105079,-4.99051,1.15231,0.13957,-211,1
0.161727,-3.80809,1.70987,0,22,0
0.0285144,-3.94368,-1.69236,0,22,0
0.599319,0.480449,2.23203,0,22,0
19.4249,0.459253,2.26543,0,22,0
0.226973,-4.16848,-1.606,0,22,0
0.202664,-4.77809,-1.71923,0,22,0
0.702482,-2.93954,3.12537,0,22,0
0.246489,-2.65626,-3.00135,0,22,0
0.0923474,-1.47195,2.78429,0,22,0
0.356945,-0.891699,2.32589,0,22,0
0.170461,-2.69961,1.78326,0,22,0
0.0414042,-2.4273,-2.67289,0,22,0
2.16437,1.53039,-0.774289,0,22,0
1.67275,1.46075,-0.760833,0,22,0
0.152643,2.14047,-1.10429,0,22,0
0.0594721,1.30055,0.0870096,0,22,0
4.55421,1.51453,-0.593386,0,22,0
2.96961,1.55116,-0.595716,0,22,0
8.99145,0.46319,2.38095,0,22,0
3.06755,0.486166,2.39247,0,22,0
6.14076,0.504788,2.2042,0,22,0
0.378564,0.417228,2.19132,0,22,0
0.77041,0.533493,2.20202,0,22,0
1.94981,0.607447,2.12041,0,22,0
0.0409823,2.73649,-0.658806,0,22,0
0.0955441,0.880112,-0.970354,0,22,0
0.0775272,0.643519,2.09691,0,22,0
0.199174,0.70185,0.950476,0,22,0
0.296757,2.6735,-0.0921212,0,22,0
0.0591525,3.35759,-0.85291,0,22,0
0.339502,6.19431,0.711997,0,22,0
0.379337,6.01938,0.377588,0,22,0
0.0987082,6.06563,-1.29715,0,22,0
0.181739,5.90932,-0.255071,0,22,0
0.0449522,4.08528,1.07898,0,22,0
0.0615344,5.72698,-1.15366,0,22,0
0.0852779,1.99796,1.08864,0,22,0
0.828057,1.97303,0.5757,0,22,0
0.0434732,-2.54827,-2.00394,0,22,0
0.236904,-3.75191,-1.63204,0,22,0
0.208001,-6.75372,-0.200503,0,22,0
0.0362086,-7.75396,-1.43097,0,22,0
0.127949,-4.16943,0.916422,0,22,0
0.235433,-4.45117,1.6578,0,22,0
0.346375,1.3737,2.59861,0,22,0
0.128631,1.8135,2.13361,0,22,0
0.108477,1.97092,-0.447668,0,22,0
0.0884558,0.70243,-0.197941,0,22,0
0.0466705,4.87264,0.371334,0,22,0
0.706352,4.73847,1.11989,0,22,0
0.0456971,-5.01666,-3.04505,0,22,0
0.162695,-3.58131,3.13098,0,22,0
0.196367,-5.04412,-2.49658,0,22,0
0.372794,-5.48244,-2.2644,0,22,0
0.168474,-7.75639,-2.26342,0,22,0
0.203205,-7.77183,-1.51685,0,22,0
0.572998,1.70336,2.92119,0.13957,211,1
0.0482858,2.29394,-1.45087,0.13957,-211,1
11.4014,0.442665,2.3282,0,22,0
4.98596,0.456086,2.31635,0,22,0
0.505188,0.406715,2.34445,0,22,0
2.76568,0.509416,2.29461,0,22,0
4.5902,0.540326,2.28174,0,22,0
1.34136,0.488839,2.29928,0,22,0
0.144364,-5.90628,-0.517721,0,22,0
0.0677197,-6.37939,-1.9053,0,22,0
1.03971,0.37705,2.59382,0.13957,211,1
0.285374,-0.679322,3.11966,0.10566,13,1
1.28919,-0.168049,2.54044,0.49761,130,0
16.4116,1.39451,-0.713451,0.49368,-321,1
1.89805,1.32474,-0.735918,0,22,0
2.21068,1.31168,-0.67132,0,22,0
0.739078,1.68223,-0.467472,0,22,0
0.264134,1.51236,-0.72194,0,22,0
3.7227,1.60656,-0.788058,0,22,0
0.162678,1.43623,-0.75637,0,22,0
36.8741,1.57755,-1.05918,0.10566,13,1
0.104969,0.439023,2.44908,0,22,0
8.96048,0.546688,2.36092,0,22,0
20.6684,0.50995,2.34603,0.93827,-2212,1
1.65304,0.540274,2.33805,0.13957,211,1
2.97396,0.545587,2.28978,0,22,0
5.00793,0.551969,2.25539,0,22,0
0.0551652,0.629233,-2.7383,0,22,0
0.250308,0.885984,2.35677,0,22,0
0.224352,4.45107,1.7614,0,22,0
0.144502,5.05572,1.32775,0,22,0
0.0663389,5.27048,0.712402,0,22,0
0.396919,6.07989,0.696888,0,22,0
0.0258077,-5.35792,-2.61373,0,22,0
0.105248,-6.91233,1.01841,0,22,0
1.03926,4.8482,2.32444,0.93827,-2212,1
0.317358,4.41552,2.49398,0.13957,211,1
0.0404126,2.96192,1.29602,0,22,0
0.239502,4.09537,0.608664,0,22,0
0.100292,2.34295,-0.148026,0,22,0
0.0499139,1.8157,-2.46325,0,22,0
0.122486,2.43651,0.431889,0,22,0
0.0701483,1.33583,1.34764,0,22,0
0.446849,2.02025,0.631577,0,22,0
0.0179949,3.25376,-0.121845,0,22,0
0.255247,-3.27278,-3.03317,0,22,0
0.0373267,-3.14393,-1.51456,0,22,0
0.0687112,-4.89511,-1.68908,0,22,0
0.235321,-5.15468,-0.608108,0,22,0
0.20885,1.41401,-1.06655,0,22,0
9.44749,1.50989,-1.06058,0,22,0
10.1945,1.54617,-1.06521,0,22,0
2.7627,1.53508,-1.08811,0,22,0
0.468198,5.40578,0.736366,0,22,0
0.0367253,4.48546,0.345135,0,22,0
0.0364547,3.21778,1.40194,0,22,0
0.0429655,5.63046,-3.11984,0,22,0
24.4198,0.40584,2.3218,0.49368,-321,1
32.3103,0.422276,2.33472,0.13957,211,1
21.2498,0.457118,2.32855,0.13957,211,1
1.98132,0.402031,2.34976,0,22,0
2.26685,0.453254,2.31192,0,22,0
0.00483855,0.355019,-2.78356,0,22,0
2.86197,0.0679703,2.32255,0,22,0
0.629012,-0.751434,1.58186,0.49761,130,0
64.2952,1.37993,-0.687071,0.13957,-211,1
3.88725,1.35035,-0.734029,0.13957,211,1
11.6307,1.39933,-0.729812,0.13957,211,1
3.01146,1.34489,-0.668646,0.13957,-211,1
17.7785,1.53419,-1.12731,0.13957,211,1
3.58683,0.375956,2.32567,0,22,0
16.4237,0.38504,2.34072,0,22,0
5.74739,0.362976,2.35515,0,22,0
3.63618,0.38078,2.3787,0,22,0
33.2729,1.36298,-0.694058,0.13957,-211,1
17.8568,1.37661,-0.6752,0,22,0
22.1984,1.38273,-0.67811,0,22,0
72.8878,1.37129,-0.6948,0.49368,321,1
16.8699,1.53231,-1.09135,0,22,0
2.13242,1.5497,-1.10563,0,22,0
4.69128,1.52466,-1.08898,0,22,0
22.083,1.53778,-1.09092,0,22,0
23.1585,1.54941,-1.09049,0,22,0
25.7796,1.53065,-1.07822,0,22,0
9.53453,1.39623,-0.700507,0,22,0
4.32341,1.37958,-0.687665,0,22,0
117.487.

0.0967492,-8.48567,-2.9288,0.13957,211,1
1.86928,-0.658187,0.393966,0.93827,2212,1
5.14283,-0.798592,0.571952,0.93827,-2212,1
4.32485,-0.423777,0.726154,0.13957,211,1
19.2398,-0.519113,0.446421,0.13957,-211,1
7.0699,-0.513894,0.470465,0.13957,211,1
1.01873,-3.46976,-2.92511,0.13957,211,1
0.983795,-3.37998,-2.18189,0.13957,-211,1
0.574017,-3.60957,-1.67162,0.13957,-211,1
0.570985,-3.7817,-3.00729,0.13957,211,1
2.83797,-3.53898,-2.30597,0.13957,-211,1
3.01727,-3.44641,-2.5718,0.13957,211,1
1.539,-3.96439,-2.29305,0.13957,-211,1
0.338337,-4.23943,-2.37086,0.49368,321,1
0.948335,-1.4565,-2.00366,0.13957,211,1
0.217353,-2.41537,-1.47753,0.13957,-211,1
0.151734,-1.2323,0.45195,0.13957,-211,1
0.144361,-2.55093,-2.94825,0.49368,321,1
0.497612,-1.38239,-0.931461,0.49368,-321,1
0.887195,-0.849086,1.50148,0.49368,321,1
0.767299,-1.07857,2.99954,0.49368,-321,1
0.271418,0.145617,0.448257,0.13957,211,1
0.63321,4.68295,-2.03801,0.13957,-211,1
0.981395,4.54449,1.0773,0.13957,211,1
0.256262,6.69133,-1.98109,0.13957,-211,1
0.119407,7.50221,-3.09728,0.13957,211,1
0.198418,7.63588,-2.48934,0.13957,-211,1
0.597611,8.32302,-0.618061,0.93827,2212,1
0.140842,7.92508,1.4029,0.13957,211,1
0.590605,8.27883,0.296995,0.93957,2112,0
0.19809,6.18416,-2.13128,0.13957,211,1
0.519796,3.97842,-2.43318,0.13957,211,1
0.195838,2.71011,0.884086,0.13957,211,1
1.33067,2.86869,0.937252,0.13957,211,1
0.419496,2.86781,0.569171,0.13957,-211,1
0.656018,2.5039,1.41387,0.13957,211,1
1.37653,3.4439,0.995207,0.13957,-211,1
0.192113,2.28585,2.14429,0.13957,211,1
1.05115,3.07062,2.81057,0.13957,211,1
0.561024,1.17301,2.28137,0.13957,-211,1
0.415675,1.30737,-1.7086,0.93827,-2212,1
0.111488,-0.816213,-2.62052,0.13957,-211,1
1.117,-1.17346,-2.73049,0.49368,321,1
0.908739,-1.37525,-2.43286,0.49368,-321,1
0.384744,-1.89449,-2.75487,0.13957,211,1
1.11235,-0.0775588,-2.57589,0.13957,-211,1
1.16323,-0.670908,-2.99972,0.13957,211,1
0.243426,-0.0553846,2.18079,0.13957,-211,1
0.62975,-0.125452,-1.82282,0.13957,211,1
0.559488,-0.213232,-2.78351,0.13957,-211,1
0.919992,0.0788154,3.00058,0.13957,-211,1
1.15983,-0.807836,-2.60138,0.49368,321,1
0.528092,-0.46596,-2.31945,0.13957,-211,1
0.42468,-1.98154,-2.2135,0.13957,211,1
6.96866,-1.25075,-2.7074,0.13957,-211,1
2.13525,-1.15821,-2.76064,0.13957,211,1
9.04056,-1.11864,-2.74202,0.13957,-211,1
0.582825,-1.20148,-2.77095,0.13957,211,1
64.8077,-1.14586,-2.74654,0.93957,-2112,0
27.3252,-1.16111,-2.75805,0.13957,-211,1
0.864184,-9.04064,1.41828,0.93957,2112,0
0.043864,-10.6392,-3.07551,0.13957,-211,1
1.79511,-3.36988,-2.44981,0.13957,211,1
0.94737,-3.04648,-2.23937,0.13957,211,1
1.01086,-3.33543,-3.02358,0.13957,-211,1
1.3775,-2.47978,-3.05901,0.49368,-321,1
0.47452,-2.99596,-2.74213,0.13957,211,1
0.570563,-1.63341,-2.14648,0.13957,-211,1
0.817986,-1.48684,2.19386,0.13957,211,1
0.792811,0.426989,2.33132,0.13957,211,1
0.234807,1.50336,0.512445,0.13957,-211,1
0.168114,1.40454,-0.290289,0.13957,211,1
0.169914,3.18844,2.74838,0.13957,-211,1
0.910199,7.81092,2.76394,0.49761,130,0
0.331904,7.26318,0.63858,0.93957,-2112,0
0.212016,6.84385,-2.95986,0.13957,-211,1
0.543958,6.31054,-2.95932,0.13957,-211,1
0.953581,4.10268,1.72389,0.13957,-211,1
0.42249,4.67799,2.19097,0.13957,-211,1
1.54899,2.94588,0.726575,0.13957,-211,1
0.401622,3.92442,0.793323,0.93957,2112,0
0.295816,2.56733,-1.17399,0.13957,-211,1
0.197944,3.4881,-0.250081,0.93827,-2212,1
0.375799,2.3863,-1.46338,0.13957,211,1
0.725638,1.94214,1.11276,0.93827,2212,1
0.0501651,2.93215,0.0133328,0.13957,211,1
0.621049,0.765418,0.517572,0.13957,211,1
0.554721,-0.850587,-1.86948,0.49368,321,1
0.714281,-0.224318,-1.41873,0.13957,-211,1
1.29891,-0.333508,-2.11712,0.13957,211,1
1.11421,-1.16005,-1.97385,0.93957,2112,0
0.620459,-0.807971,-1.79148,0.13957,211,1
0.849278,-0.879127,-2.11811,0.93827,-2212,1
0.71828,-0.941232,-2.17439,0.13957,-211,1
0.738966,-0.688431,2.76227,0.13957,211,1
1.28991,0.220585,-2.92216,0.49368,-321,1
0.0685351,-0.227488,-0.849497,0.13957,211,1
1.23843,-1.29767,3.13203,0.13957,211,1
0.0467965,-0.972611,-0.860716,0.13957,-211,1
0.53753,-1.78538,-2.57521,0.13957,211,1
4.69521,-1.28515,-2.49394,0.13957,-211,1
10.2909,-1.29235,-2.63594,0.13957,211,1
1.2728,-1.15008,-2.76148,0.13957,-211,1
14.9463,-1.16057,-2.73809,0.49368,321,1
0.91991,-1.10817,-2.84615,0.13957,-211,1
226.649,-1.14452,-2.7488,0.13957,211,1
2.52978,-0.979022,0.280348,0,22,0
0.0736919,-1.20179,0.622643,0,22,0
0.432134,-0.977185,0.15246,0,22,0
0.580376,-0.472975,0.403609,0,22,0
0.16208,-2.91367,-1.98844,0.13957,211,1
0.571124,-3.12169,-2.99595,0.13957,-211,1
0.0667276,-3.14763,-0.573373,0.13957,211,1
0.109049,-4.4651,-0.71789,0.13957,-211,1
0.503444,-3.69707,-2.69392,0,22,0
0.516854,-3.43633,-2.65332,0,22,0
0.801691,-2.92367,-2.51528,0.13957,211,1
0.0608086,-3.82025,-0.702564,0.13957,-211,1
0.161228,-3.66687,0.0904304,0,22,0
0.0317434,-4.09526,2.41832,0,22,0
0.24188,-1.89535,1.78096,0,22,0
0.0246642,-1.56996,-0.283212,0,22,0
1.32242,-0.510444,1.83464,0,22,0
0.54306,-0.650767,1.90981,0,22,0
0.442553,-0.537983,1.54761,0.13957,211,1
0.486732,-0.2549,2.1332,0.13957,-211,1
0.303325,5.15452,1.55808,0.13957,211,1
0.203787,5.54352,-2.65631,0.13957,-211,1
0.0605146,7.07982,-0.716958,0,22,0
0.612172,6.45322,-1.01158,0,22,0
0.319667,6.2384,0.661449,0,22,0
0.134588,6.8616,0.511787,0,22,0
0.0663754,6.30246,-2.24916,0,22,0
0.134928,5.64491,2.67163,0,22,0
0.406404,5.58635,2.59551,0,22,0
0.364077,5.88766,2.41734,0,22,0
0.354119,3.56697,2.67968,0.13957,211,1
0.244791,4.06144,-2.34421,0.13957,-211,1
1.00637,3.95786,-2.62291,0.93827,2212,1
0.150966,4.43537,-2.29471,0.13957,-211,1
0.0181241,1.44801,3.10774,0,22,0
0.355913,3.05155,-1.29046,0.13957,211,1
0.531609,2.50602,-1.25218,0.13957,-211,1
0.0727693,3.51061,2.19035,0,22,0
0.112122,2.23626,2.81449,0,22,0
0.672633,-0.834687,-2.4754,0,22,0
0.813771,-0.113582,-2.40183,0,22,0
0.411989,-0.692506,-2.64242,0,22,0
1.39341,-0.870419,-2.64148,0,22,0
0.441864,-1.33503,-2.65179,0,22,0
0.955992,-1.16335,-2.7684,0,22,0
55.7734,-1.13657,-2.74121,0.93827,2212,1
5.30401,-1.14954,-2.73607,0.13957,-211,1
0.00670785,-3.77494,-1.71062,0,22,0
5.20634,-3.59569,-2.42537,0,22,0
0.0607129,-0.221895,-0.435076,0,22,0
0.127153,0.455716,-1.9474,0,22,0
0.358115,-1.2116,-1.00695,0,22,0
0.0392361,-1.96878,-1.86714,0,22,0
0.355352,6.30073,0.61663,0,22,0
0.127837,6.75956,0.180956,0,22,0
0.377055,4.81068,-0.373258,0,22,0
0.0900548,4.0941,-0.400303,0,22,0
0.612476,3.35371,2.41955,0,22,0
0.0221853,4.34967,1.89976,0,22,0
0.204162,3.44109,0.671977,0,22,0
1.11616,3.34618,0.939112,0,22,0
0.396285,-0.360917,-0.57743,0,22,0
0.0566111,0.0218502,0.261734,0,22,0
0.0519325,-1.31818,-2.09839,0,22,0
0.188937,-1.65713,-0.65752,0,22,0
0.0622252,-1.46322,-1.22958,0,22,0
0.0996404,0.0128985,-1.81597,0,22,0
9.97445,-1.15109,-2.74003,0,22,0
0.533171,-1.09935,-2.76738,0,22,0
49.5983,-0.983876,0.289601,0.49368,-321,1
12.8067,-0.922738,0.331234,0.93827,2212,1
1.51237,-0.980441,0.30448,0.13957,-211,1
4.5903,-1.04022,0.342425,0.93827,-2212,1
1.05512,-0.929259,0.303976,0.13957,211,1
195.116,-0.487978,0.460065,0.13957,211,1
0.164444,-3.68238,2.16095,0,22,0
0.149196,-3.38074,2.99141,0,22,0
0.028327,-4.28349,-1.1186,0,22,0
0.337504,-4.14829,0.395874,0,22,0
0.650796,-3.81395,-2.68042,0,22,0
0.0528412,-4.41019,-3.08776,0,22,0
0.197211,-3.40184,-3.09994,0,22,0
0.320956,-3.5403,-2.57565,0,22,0
0.319424,-3.92954,-2.84434,0,22,0
0.0988242,-3.77326,2.67713,0,22,0
0.267293,-3.64574,-2.42166,0,22,0
0.106628,-2.86812,-2.36277,0,22,0
0.180175,-0.129137,1.39196,0,22,0
0.362758,-0.586381,1.64961,0,22,0
0.760995,-0.429438,1.75382,0,22,0
0.240265,-0.694398,1.58322,0,22,0
0.088676,-0.435719,1.09096,0,22,0
0.23951,0.0507291,1.89786,0,22,0
0.209885,-0.0317921,2.75449,0,22,0
0.320989,0.212697,2.29171,0,22,0
0.194952,5.99135,-3.1191,0,22,0
0.0265698,6.96848,1.34876,0,22,0
0.0410768,7.62886,0.440104,0,22,0
0.178404,6.8088,-1.01804,0,22,0
0.0587813,7.92489,-0.882381,0,22,0
0.0139135,4.91478,2.50797,0,22,0
0.0816807,5.88726,1.96536,0,22,0
0.0573803,7.26549,-2.91407,0,22,0
0.114884,5.13199,1.57727,0,22,0
0.026181,3.62381,-2.41585,0,22,0
0.452298,4.45717,-2.37658,0.93827,-2212,1
0.164978,3.6081,-2.97091,0.13957,211,1
0.136032,3.03394,2.80051,0,22,0
0.0579461,2.26584,-2.06658,0,22,0
0.108369,6.59081,2.34042,0,22,0
0.168327,7.0697,-3.03749,0,22,0
0.0475201,5.98574,1.89066,0,22,0
0.162553,6.257,0.177066,0,22,0
0.0592399,-0.640937,-1.08996,0,22,0
0.135096,-0.143542,-2.67278,0,22,0
0.44805,-0.763435,-1.33913,0,22,0
0.372274,-0.44854,-1.24291,0,22,0
0.344227,-1.65079,-3.0787,0,22,0
0.0262213,-2.23509,-1.67502,0,22,0
0.00919196,-2.61747,1.24525,0,22,0
0.118196,0.103403,-2.61109,0,22,0
0.123603,-0.757803,-2.38376,0,22,0
0.050818,-0.235522,2.0126,0,22,0
0.0147637,0.0465198,2.50642,0,22,0
1.3839,-0.21981,-2.83678,0,22,0
6.58866,-0.987972,0.338276,0.13957,-211,1
9.31921,-1.04651,0.204754,0.13957,211,1
5.25062,-0.505173,0.429695,0.13957,-211,1
4.16342,-1.03479,0.239335,0.13957,-211,1
56.6977,-0.504063,0.436704,0.49368,321,1
16.5422,-0.478861,0.407278,0.13957,-211,1
23.792,-0.988,0.279344,0.13957,211,1
19.5319,-0.96042,0.278422,0.13957,211,1
11.2684,-0.975324,0.255562,0.13957,-211,1
0.724615,-0.446584,0.42867,0,22,0
1.41753,-0.505191,0.548333,0,22,0
12.3548,-0.980246,0.27835,0.13957,211,1
13.042,-0.979027,0.310776,0.13957,-211,1
125.279.

0.414111,0.53399,-2.54217,0.13957,-211,1
6.59934,1.38354,-3.00357,0.13957,211,1
40.0441,1.44081,-2.94534,0.13957,-211,1
64.6198,1.42433,-2.93305,0.13957,211,1
41.5274,1.43184,-2.95279,0.13957,-211,1
0.317017,-4.99432,0.880912,0.49368,321,1
0.918504,-5.31712,-2.50473,0.49368,-321,1
0.567312,-4.55544,0.0890629,0.49368,321,1
0.16227,5.21471,2.24211,0.13957,-211,1
1.11786,3.98527,-0.52763,0.13957,211,1
0.507275,5.35662,0.476186,0.93957,2112,0
0.66046,5.21398,-0.224303,0.93957,-2112,0
0.299324,6.31775,-2.54093,0.93957,2112,0
0.513435,5.57004,1.63439,0.93827,-2212,1
0.225046,-3.45614,-2.4449,0.49368,321,1
0.136289,-2.53511,2.32394,0.13957,-211,1
0.305636,-4.24823,-2.55537,0.13957,211,1
0.743486,-2.31965,-1.12577,0.13957,-211,1
0.861437,-3.4117,-0.547573,0.13957,211,1
1.09833,-3.54215,0.765416,0.13957,-211,1
1.0194,-3.70139,1.58663,0.49368,321,1
0.48284,-3.88572,0.3339,0.49368,-321,1
6.34686,0.463468,1.9474,0.13957,-211,1
3.1775,0.660003,1.88793,0.13957,211,1
2.58385,0.712659,-0.989846,0.13957,211,1
0.323155,0.526678,0.776368,0.13957,-211,1
0.158405,1.85568,-2.74631,0.13957,211,1
0.558059,-3.42911,-2.02137,0.13957,-211,1
0.364555,-3.06746,1.26796,0.13957,211,1
2.37926,0.230324,0.0899531,0.13957,-211,1
2.0566,0.285413,0.237843,0.13957,211,1
2.14331,0.700713,-0.33439,0.13957,-211,1
1.0452,1.00106,0.30073,0.13957,-211,1
4.09361,0.318864,0.551527,0.13957,211,1
3.44079,0.365012,0.550731,0.13957,-211,1
6.50595,0.313364,0.464745,0.13957,211,1
7.69698,-4.66589,-0.0501779,0.93827,2212,1
10.58,-4.76756,-0.0838386,0.93827,-2212,1
0.363318,-5.07841,-1.21299,0.49368,321,1
0.353436,-3.95521,-1.94588,0.13957,-211,1
0.251029,-2.41156,-2.98573,0.13957,-211,1
0.526148,-1.92367,-2.76168,0.13957,-211,1
1.91638,-0.93175,3.06104,0.49368,321,1
0.376655,-1.06164,-0.582774,0.93957,2112,0
0.775038,-1.41717,-0.592608,0.93827,-2212,1
0.655237,-1.28983,0.237224,0.93827,2212,1
1.14084,-1.20507,1.11543,0.93827,-2212,1
1.01661,-1.57648,1.11592,0.13957,211,1
0.575998,-1.89484,1.1141,0.13957,211,1
1.17419,-2.64522,1.3186,0.13957,-211,1
0.207021,-2.71137,2.90063,0.13957,211,1
1.11012,-3.71251,1.86583,0.13957,-211,1
0.846034,-4.95225,1.77545,0.49368,-321,1
0.768184,3.6729,2.72946,0.13957,-211,1
1.66917,3.51029,-2.89938,0.49368,-321,1
0.136089,3.51319,-1.20003,0.13957,211,1
0.438334,2.7663,-1.42738,0.13957,-211,1
0.454951,2.70902,-1.47403,0.13957,-211,1
1.41193,0.722111,-0.108127,0.93827,2212,1
2.47721,-0.0361363,0.15638,0.13957,-211,1
0.91927,1.43055,1.67804,0.93827,2212,1
1.07142,0.291897,0.117325,0.93957,-2112,0
0.721832,1.66492,2.3865,0.93827,2212,1
0.241116,0.818124,0.588423,0.13957,211,1
0.439528,0.699849,2.07606,0.13957,-211,1
0.552751,0.863598,1.2765,0.13957,211,1
1.17253,0.40523,1.74806,0.13957,-211,1
0.525382,0.0996309,1.56811,0.13957,211,1
0.706996,-0.779982,-3.09017,0.93957,2112,0
1.49489,0.00147759,-1.83778,0.93827,-2212,1
0.271052,1.66609,2.1435,0.13957,-211,1
0.466742,2.19549,-0.281756,0.13957,-211,1
0.416364,2.47708,2.36549,0.49368,321,1
0.142363,-0.10508,-2.22034,0.13957,-211,1
0.618176,2.05656,1.76516,0.13957,211,1
0.24357,-4.69346,-0.817549,0.13957,211,1
0.236658,-2.34928,1.71364,0.13957,-211,1
0.203456,-2.72536,-0.082032,0.13957,211,1
0.623036,-4.68357,0.704677,0.13957,211,1
0.648239,-5.74814,-2.44946,0.13957,-211,1
0.500942,-5.75113,0.890953,0.13957,211,1
5.8875,4.61208,2.65176,0.49368,-321,1
0.288316,4.96091,2.76169,0.13957,211,1
2.71872,4.55016,2.74979,0.13957,-211,1
0.529983,5.6095,-3.07312,0.93827,2212,1
0.904541,4.28943,2.07077,0.93957,-2112,0
0.485034,4.17264,-2.39669,0.13957,211,1
1.97632,1.89362,-2.86982,0.49368,321,1
1.54357,1.42939,-2.40451,0.13957,-211,1
0.331722,2.23091,-2.81209,0.93827,-2212,1
1.28709,0.922404,-2.07921,0.13957,211,1
0.474235,1.47398,1.59955,0.49368,-321,1
0.435178,6.41176,-2.55146,0.49368,-321,1
1.03567,-5.57867,2.48018,0.49368,321,1
0.30321,-2.74368,0.855784,0.13957,-211,1
0.930973,2.8685,-2.72816,0.13957,211,1
0.59893,2.36015,-2.99405,0.49368,321,1
0.227074,0.875016,1.14963,0.13957,-211,1
0.246026,0.796648,3.03296,0.13957,211,1
0.968633,-0.171141,-2.57717,0.13957,211,1
4.56974,-0.56408,-1.71899,0.13957,211,1
0.266978,-1.47881,-1.99589,0.13957,211,1
0.220326,2.75503,0.597744,0.49368,-321,1
4.41405,1.41189,0.689094,0.13957,-211,1
0.624174,1.60973,0.0305467,0.13957,211,1
3.22473,1.86759,0.417075,0.93827,2212,1
1.19921,2.36635,1.38011,0.93957,-2112,0
0.762857,2.27294,0.858479,0.13957,211,1
3.56777,4.81135,-2.04345,0.93827,2212,1
0.17663,5.62336,-2.60117,0.13957,-211,1
0.572154,-3.19306,-1.45391,0.13957,211,1
1.43408,-4.07761,-2.06684,0.13957,-211,1
0.658192,3.40364,-2.61008,0.13957,-211,1
0.238974,1.54043,1.61922,0.13957,211,1
0.440458,0.750838,-2.30743,0.13957,-211,1
0.550288,-7.34293,-1.09196,0.13957,-211,1
0.454683,-7.92216,-0.345849,0.93827,2212,1
7.58291,0.416453,0.393243,0.13957,-211,1
33.3648,0.357701,0.380776,0.13957,211,1
0.236596,0.240789,2.22522,0.13957,211,1
0.428279,-1.75563,2.27545,0.13957,-211,1
0.231785,1.21461,-1.89685,0.13957,211,1
145.654,1.42978,-2.94272,0.13957,211,1
55.4602,1.43035,-2.93415,0.13957,-211,1
1.71839,-5.11537,-2.23818,0.49761,130,0
2.03849,-4.10488,2.65738,0.13957,-211,1
1.89782,-4.41359,2.74961,0.49368,321,1
0.609275,3.75391,2.50285,0.13957,211,1
0.336727,-1.88379,-2.33961,0.13957,-211,1
1.69888,-2.00838,-2.44174,0.13957,211,1
0.144108,-2.36118,0.836114,0.13957,-211,1
0.860823,-2.22585,-1.84935,0.49368,-321,1
0.338587,-2.9001,2.94658,0.13957,211,1
1.75915,-3.56358,0.732617,0.13957,211,1
4.26057,0.575565,1.9175,0.13957,-211,1
0.741391,0.32197,1.93406,0.13957,211,1
0.0104412,3.98114,2.92081,0.13957,-211,1
2.0155,0.817113,-1.36642,0.93957,-2112,0
0.728081,0.745335,-2.32575,0.13957,-211,1
0.915005,1.47379,2.85338,0.13957,211,1
1.57058,0.535826,-2.82451,0.13957,-211,1
0.7608,2.65524,-0.253743,0.93957,2112,0
0.575765,2.46151,-0.642773,0.13957,-211,1
0.25934,1.97268,-2.77211,0.13957,211,1
0.444491,1.67845,-0.260336,0.13957,-211,1
0.553457,0.0216516,0.50675,0.13957,211,1
2.56476,0.54147,-0.315083,0.93957,2112,0
0.917712,0.426269,0.631878,0.13957,211,1
3.24978,0.283691,0.230329,0.13957,-211,1
2.07598,0.339649,0.186638,0.13957,211,1
0.465219,0.567758,1.02613,0.13957,-211,1
0.971125,-4.66129,-0.00112693,0.13957,211,1
1.05656,-4.53796,0.228812,0.13957,-211,1
0.274009,-4.00472,-1.23084,0.13957,211,1
1.2516,-4.26045,-0.0331832,0.13957,-211,1
0.730205,-2.75027,3.01551,0.13957,211,1
1.98054,-1.01616,3.07524,0.49368,-321,1
0.542043,-0.742524,-2.66846,0.13957,211,1
1.43932,-0.521174,1.13822,0.13957,211,1
0.483865,-1.46567,0.96446,0.13957,-211,1
0.607457,-1.48392,0.360633,0.13957,211,1
1.36768,-0.722444,0.622102,0.13957,-211,1
0.238518,-2.9011,0.485411,0.13957,211,1
0.693718,-1.02373,1.49991,0.13957,-211,1
0.509996,-2.91093,1.32503,0.13957,-211,1
0.174145,-2.18127,2.30171,0.13957,211,1
0.523301,-4.05451,2.14752,0.13957,-211,1
0.508075,3.0472,2.13858,0.13957,211,1
0.286534,3.56384,-2.88422,0.49761,130,0
0.981359,3.48625,-3.02747,0.49368,321,1
0.352547,2.71528,-2.43512,0.13957,-211,1
0.231201,1.95587,-0.276609,0.13957,211,1
0.539866,2.31491,-2.5858,0.13957,-211,1
0.625223,1.26757,-2.02371,0.13957,211,1
0.481469,2.31227,-1.75236,0.13957,-211,1
0.158992,1.31275,-0.472482,0.13957,211,1
1.38591,1.73151,-1.54274,0.13957,-211,1
0.603891,2.01873,-0.950028,0.13957,211,1
0.848154,1.58856,-1.75732,0.13957,-211,1
0.984657,2.31259,-0.720571,0.93827,2212,1
0.371633,2.10131,-1.30995,0.13957,211,1
0.223121,2.76287,-0.514542,0.49368,-321,1
0.894524,0.93514,-0.374835,0.93957,-2112,0
0.773508,1.18035,-0.112885,0.13957,211,1
1.33685,0.213003,0.511581,0.13957,-211,1
0.32176,1.89771,1.87419,0.13957,-211,1
0.629839,2.13212,2.43402,0.13957,211,1
2.02523,2.02828,2.00562,0.93827,-2212,1
0.888329,2.26283,2.03375,0.13957,-211,1
0.507045,-0.0709917,1.92708,0.13957,211,1
1.93286,0.43309,1.78393,0.13957,-211,1
0.513498,1.16397,2.57323,0.13957,211,1
0.348289,-0.066727,1.60726,0.13957,-211,1
0.670114,-0.841443,-0.985847,0.13957,211,1
0.389667,-0.577904,2.81262,0.13957,-211,1
0.117765,-5.55659,-2.18455,0.13957,-211,1
0.236211,-6.75402,0.453969,0.13957,211,1
0.185664,-5.44561,0.548531,0.13957,-211,1
2.09429,4.79269,2.63489,0.13957,211,1
1.84369,4.82204,2.3398,0.13957,-211,1
0.332946,3.31375,-1.28457,0.13957,-211,1
0.181502,3.88093,1.98889,0.13957,211,1
0.832492,3.24432,-2.21624,0.13957,-211,1
0.937725,2.2861,-2.97504,0.49761,130,0
1.02059,1.46499,-2.16803,0.13957,-211,1
1.07477,1.91614,-1.69121,0.49368,321,1
0.565818,-0.376634,-0.687447,0.13957,-211,1
0.427742,-1.00572,-1.07734,0.13957,211,1
0.302112,-3.11994,-0.651328,0.13957,-211,1
0.141662,-1.61295,-2.25263,0.49368,321,1
0.554245,4.40839,-2.14208,0.13957,211,1
0.620017,4.77154,0.804194,0.13957,-211,1
0.293183,5.18906,2.33003,0.13957,211,1
0.193969,6.252,1.18387,0.13957,211,1
1.49741,7.01028,-1.97684,0.13957,211,1
0.543204,4.93116,-1.20425,0.13957,211,1
0.250816,5.03865,2.50707,0.13957,-211,1
1.2276,-3.66579,3.03731,0.93957,2112,0
0.250215,-2.74596,-2.79981,0.13957,-211,1
0.313511,-3.80451,-2.59359,0.93957,-2112,0
0.179914,-2.17702,-0.427546,0.13957,211,1
0.864306,4.74187,2.97995,0.13957,-211,1
0.964931,5.20399,-1.43356,0.93827,2212,1
0.19643,-4.47379,1.51695,0.13957,-211,1
0.684028,-4.57027,2.37509,0.13957,211,1
0.292907,0.982519,-0.329917,0.13957,211,1
0.242874,1.27666,0.398995,0.49368,321,1
0.351277,1.1259,-1.99818,0.13957,-211,1
0.209082,2.1973,3.09396,0.49761,130,0
0.15758,3.52741,1.4489,0.13957,-211,1
0.745497,2.77939,2.73303,0.13957,-211,1
1.03653,0.839344,-2.1667,0.49368,-321,1
0.0932033,-0.436349,1.1063,0.13957,211,1
0.163156,1.5048,2.55238,0.13957,-211,1
1.48209,-0.372093,-2.22466,0.13957,-211,1
0.421089,-1.93392,-1.12288,0.13957,-211,1
0.116937,-2.48252,1.54456,0.13957,211,1
0.736592,-0.882885,-1.68574,0.13957,-211,1
0.0241735,-3.89468,0.299924,0.13957,-211,1
1.14082,0.452619,0.487089,0.93827,2212,1
0.0683659,1.60418,-2.26343,0.13957,211,1
3.52245,1.34976,0.388804,0.13957,211,1
1.35783,1.62661,0.467365,0.13957,-211,1
1.67565,1.18081,0.535853,0.13957,-211,1
0.885967,2.1566,0.322524,0.13957,-211,1
0.0688431,3.17382,-0.0335792,0.13957,211,1
0.277424,4.70185,1.83429,0.13957,-211,1
0.979826,4.16351,-2.65272,0.13957,211,1
0.788879,4.8831,-2.55988,0.13957,-211,1
2.12361,4.40041,-2.76308,0.93827,-2212,1
0.449541,5.0559,-2.97992,0.13957,-211,1
0.950284,4.06688,-1.76429,0.13957,211,1
0.0697381,4.9468,-1.31106,0.13957,211,1
0.213465,-3.53481,-0.473382,0.13957,-211,1
0.916564,4.5169,2.5238,0.13957,211,1
0.629955,4.38454,1.64588,0.49368,321,1
0.844681,4.10504,2.48979,0.13957,-211,1
0.428747,-2.90467,-3.08195,0.13957,211,1
0.598907,-3.995,1.85858,0.13957,-211,1
0.655609,-5.85127,-0.421507,0.49368,321,1
0.285818,-7.78505,1.36086,0.49761,130,0
0.416966,-6.99381,1.81058,0.13957,211,1
0.324539,-6.12602,-0.350401,0.13957,-211,1
0.540401,-5.50687,-0.30816,0.49761,130,0
1.86931,0.586145,-2.43581,0.49761,130,0
0.32168,-7.20055,0.494656,0,22,0
0.376555,-6.92721,0.219501,0,22,0
1.38826,0.322718,0.390634,0,22,0
0.362608,-1.17188,3.06209,0,22,0
0.691423,-1.14401,-2.95216,0,22,0
0.78741,1.48744,-2.80106,0,22,0
5.11802,1.42227,-2.78457,0,22,0
5.20133,1.42639,-2.93901,0,22,0
74.0089,1.42919,-2.93273,0,22,0
0.187796,-4.8484,-0.320347,0,22,0
1.33225,-4.94538,-0.0678633,0,22,0
0.00976152,3.20807,-0.902237,0,22,0
0.450959,4.52747,-2.53829,0,22,0
0.545944,4.39881,-0.316448,0,22,0
0.140591,4.31036,2.5117,0,22,0
0.195479,3.30523,-1.51797,0,22,0
1.04857,3.58598,-1.6157,0,22,0
0.0901439,2.89862,-0.523699,0,22,0
0.386488,3.24938,0.118681,0,22,0
0.158344,3.44277,-0.389169,0,22,0
0.181712,3.02295,0.298355,0,22,0
0.104213,2.99429,0.693877,0,22,0
0.274885,3.67218,0.292934,0,22,0
0.664108,3.53266,-1.37494,0,22,0
0.483373,3.58837,-1.14279,0,22,0
0.252111,4.43812,-0.733763,0.13957,211,1
0.271489,4.12247,1.77832,0.13957,-211,1
0.128151,4.13182,-2.79709,0,22,0
0.275969,4.09643,2.7529,0,22,0
0.309825,4.11755,1.49915,0,22,0
0.345222,3.71417,1.42561,0,22,0
0.346088,5.18089,-3.04006,0,22,0
0.174386,4.89804,-2.56514,0,22,0
0.368174,-1.83257,-1.02138,0,22,0
0.632242,-1.64581,-1.22982,0,22,0
0.137974,-1.78273,2.87702,0.13957,211,1
0.55379,-1.34846,-2.25542,0.13957,-211,1
1.50735,-2.83578,-1.50075,0.13957,211,1
0.207489,-3.19623,-1.69627,0.13957,-211,1
1.70464,-2.6683,-1.53744,0.13957,211,1
0.796488,-2.46129,-1.59524,0.13957,-211,1
0.1995,-0.659135,-0.132967,0.13957,211,1
0.137799,-0.0102712,-2.89669,0.13957,-211,1
0.28797,1.82839,3.03203,0.93957,2112,0
0.0901245,2.3474,0.452381,0.13957,-211,1
0.00720605,3.52574,-1.52188,0.13957,211,1
0.657838,1.46503,-3.1344,0,22,0
0.521964,1.29329,-2.98098,0,22,0
0.694094,1.53106,-1.25663,0.93957,-2112,0
0.21215,2.08409,-0.902627,0.13957,211,1
0.219101,-0.0242092,1.88664,0,22,0
0.362498,-0.473469,2.04219,0,22,0
0.322188,-1.89528,-0.00969495,0,22,0
0.545701,-1.75873,0.282809,0,22,0
1.12379,0.115593,0.0873317,0,22,0
4.427,0.229944,0.0378461,0,22,0
0.168862,-0.282555,-0.328956,0,22,0
0.0984912,-0.0600436,0.0310151,0,22,0
6.82527,0.09642,-0.0197093,0,22,0
2.63318,0.0876375,0.0116009,0,22,0
3.75192,-0.0864246,0.00916819,0,22,0
1.18596,0.236872,-0.036262,0,22,0
4.4297,0.182101,-0.0578854,0,22,0
1.22482,0.0523159,-0.334392,0,22,0
1.2117,0.439846,-0.558841,0,22,0
1.31214,0.270403,-0.844,0.13957,211,1
1.48778,0.323114,-0.835662,0.13957,-211,1
1.40142,-0.433777,-0.480995,0.93827,-2212,1
0.171171,-0.812044,-0.0286281,0.13957,211,1
0.133954,0.253916,-1.48244,0.13957,211,1
0.402577,-0.280092,0.355328,0.13957,-211,1
0.244279,-4.28992,-0.741372,0.13957,211,1
0.782194,-4.72516,-0.228494,0.13957,-211,1
0.352468,-3.94877,0.20124,0,22,0
0.203491,-3.92804,0.7103,0,22,0
0.773177,-3.64529,2.86308,0.13957,211,1
0.232318,-3.30905,-2.43961,0.13957,-211,1
0.609177,-2.69362,-2.4119,0.93957,2112,0
0.449545,-2.03514,-2.42689,0.13957,211,1
0.573981,-1.84774,-1.69835,0.93957,-2112,0
0.39677,-1.35552,-2.21654,0.13957,211,1
0.6802,-0.915089,-3.09184,0.13957,211,1
0.5899,-0.226768,-3.02397,0.13957,-211,1
0.547639,-1.41987,-2.39434,0,22,0
0.328409,-1.12533,-2.27627,0,22,0
0.234536,-3.04133,2.0504,0,22,0
0.0600568,-3.94729,2.70633,0,22,0
0.0596375,-2.77105,-3.1028,0,22,0
0.158988,-4.38023,3.11963,0.13957,211,1
0.19897,2.43407,-1.60439,0,22,0
0.502235,2.31652,-1.19097,0,22,0
0.0837931,2.47772,-1.37329,0,22,0
0.0225739,0.409731,1.12213,0,22,0
1.00893,1.71968,-0.706633,0.93957,-2112,0
0.395029,0.782386,0.384515,0,22,0
0.0504507,0.761745,1.38117,0,22,0
0.186751,2.45539,0.219349,0,22,0
0.311797,2.20798,0.726127,0,22,0
0.788769,0.288183,2.1308,0,22,0
0.0129945,-0.748137,1.33261,0,22,0
0.0396221,0.93729,-1.64133,0,22,0
0.109185,1.96624,0.485717,0,22,0
0.387597,-0.226105,1.92941,0,22,0
0.558919,-0.0133295,2.12634,0,22,0
0.0973825,0.928332,1.26268,0,22,0
0.066314,2.00484,2.60455,0,22,0
0.453575,-0.256146,2.78262,0.13957,211,1
0.363527,0.972127,2.46684,0.13957,-211,1
0.170199,-1.52684,0.655605,0,22,0
0.380453,-1.20047,1.07571,0,22,0
0.113235,-3.3641,-1.07317,0.13957,211,1
0.093358,-4.95843,-0.552736,0.13957,-211,1
0.0934281,-4.46079,1.53044,0,22,0
0.197925,-4.25436,0.608283,0.000511,11,1
0.0225764,-3.93027,1.18658,0.000511,-11,1
0.176419,1.96386,-1.31559,0,22,0
0.792617,2.14467,-1.00204,0,22,0
0.229588,2.49494,-1.90372,0,22,0
0.108715,2.26406,-2.75131,0,22,0
0.308556,2.40888,-2.39749,0,22,0
0.652144,2.23145,-2.15403,0,22,0
0.625392,0.567067,-2.34587,0,22,0
0.0178197,1.156,-1.14446,0,22,0
2.45863,0.983213,-2.35162,0.93957,2112,0
0.217736,0.908611,-2.12172,0.13957,211,1
0.997749,0.825795,-1.66719,0.13957,-211,1
0.175453,0.309887,-0.816153,0,22,0
0.253234,0.555959,-0.216259,0,22,0
0.39026,0.58591,-2.93471,0.13957,211,1
0.173872,-0.848241,-1.84759,0.13957,-211,1
0.204394,2.23302,-1.2913,0,22,0
0.141249,2.79965,-1.84737,0,22,0
0.158293,5.18592,0.373561,0,22,0
0.348101,5.68424,0.0949025,0,22,0
0.0918587,7.08145,-0.0461414,0.13957,211,1
0.448194,7.02525,-2.33802,0.13957,-211,1
0.255388,3.39664,-0.161903,0.13957,211,1
0.141153,4.39721,0.731327,0.13957,-211,1
0.126557,-2.93758,-2.27169,0.13957,211,1
0.0998044,-1.9697,2.03369,0.13957,-211,1
0.366403,0.114578,-2.87346,0,22,0
0.219683,-0.078854,-2.43543,0,22,0
0.178872,1.57315,1.70733,0.13957,211,1
0.276146,1.27361,0.868711,0.13957,-211,1
0.214233,3.27951,-2.73825,0.13957,211,1
0.177988,3.30803,-2.51143,0.13957,-211,1
0.576904,2.2951,1.37033,0,22,0
0.0279244,1.85468,0.361765,0,22,0
0.778881,3.29714,3.13113,0,22,0
0.949171,3.22035,-3.01503,0,22,0
0.327443,2.27374,2.42204,0.13957,211,1
0.131581,3.57521,-1.65551,0.13957,-211,1
0.548195,0.245089,-0.519699,0,22,0
1.05453,0.0459807,-1.22674,0,22,0
0.24935,-0.753999,-1.57716,0,22,0
0.022989,-1.11847,0.542886,0,22,0
1.0217,-0.443719,-1.53137,0,22,0
0.1574,-0.580521,-1.22265,0,22,0
0.20608,-0.100215,-2.41062,0,22,0
0.636609,-0.434031,-2.24795,0,22,0
2.08383,-0.456182,-1.82617,0.13957,211,1
0.363579,-0.8536,-1.66896,0.13957,-211,1
2.55402,-0.648265,-1.91706,0.13957,211,1
0.978537,-0.642641,-1.75902,0.13957,-211,1
0.0450486,-0.0307627,2.76469,0,22,0
0.208508,-0.218442,1.24173,0,22,0
1.19977,1.48534,0.667483,0.93827,-2212,1
0.375973,1.18843,0.494629,0.13957,211,1
0.326815,1.16663,0.594907,0,22,0
2.37079,1.29796,0.515871,0,22,0
0.108314,1.34416,0.136022,0,22,0
1.93385,1.6009,0.280045,0,22,0
0.581143,1.42402,0.337719,0.13957,211,1
3.00658,1.33749,0.466193,0.13957,-211,1
0.43071,1.73813,1.37271,0.13957,211,1
0.571044,2.0574,0.958503,0.13957,-211,1
0.444186,3.46578,1.15051,0,22,0
0.0933562,3.04847,0.632199,0,22,0
0.131615,2.56546,2.28767,0,22,0
0.55829,2.53085,1.78567,0,22,0
0.0498358,5.10105,-0.175787,0.13957,211,1
0.285391,3.57712,3.05593,0.13957,-211,1
0.0164002,2.91317,2.76581,0,22,0
0.277717,2.87111,-0.414936,0,22,0
0.71975,4.47632,-2.20135,0.13957,211,1
1.25175,4.74246,-1.88104,0.13957,-211,1
0.109653,1.33247,0.41678,0.13957,211,1
0.0721895,2.63895,1.16857,0.13957,-211,1
0.0102533,-1.72273,-3.12473,0,22,0
0.302213,-3.02926,0.30821,0,22,0
0.177211,-1.02473,2.43456,0.13957,211,1
0.414186,-1.40879,1.0874,0.13957,-211,1
0.353928,-2.43639,-0.751292,0,22,0
0.350177,-1.69178,-2.24259,0,22,0
0.19918,-3.4819,-1.19537,0,22,0
0.13129,-3.87055,-1.95059,0,22,0
0.349535,-6.92978,2.22476,0.13957,211,1
0.169289,-7.6519,-1.67247,0.13957,-211,1
15.3015,0.376612,0.377334,0,22,0
0.599014,0.352757,0.339666,0,22,0
7.3571,0.364736,0.426859,0,22,0
1.82413,0.401562,0.425734,0,22,0
0.174111,-0.238596,2.27349,0,22,0
0.15848,-0.940578,2.65921,0,22,0
0.0828979,-2.64367,-2.47692,0,22,0
0.0525176,-3.52751,1.49343,0,22,0
0.244943,-4.9903,-2.64076,0,22,0
0.270387,-4.48732,-2.77018,0,22,0
0.603506,3.27971,1.20551,0,22,0
0.200537,3.52404,1.50757,0,22,0
0.126225,-2.01322,3.06498,0,22,0
0.161648,-1.11874,-3.02281,0,22,0
1.72519,-2.41829,-2.39039,0,22,0
0.211968,-2.6127,-2.49958,0,22,0
0.0811131,-4.63688,1.99669,0,22,0
0.280777,-4.10235,1.26838,0,22,0
0.394067,0.461943,1.56382,0,22,0
0.421735,0.132748,1.58051,0,22,0
0.627542,1.09199,1.52367,0,22,0
0.172252,1.14121,1.93414,0,22,0
1.84412,0.911701,-1.10907,0.93827,2212,1
0.220709,0.966637,-0.667182,0.13957,-211,1
0.398899,0.931642,-0.81055,0,22,0
0.134439,0.367427,-0.697044,0,22,0
0.280268,0.73205,2.83828,0,22,0
0.208863,0.418799,2.37333,0,22,0
0.583428,0.468836,-0.273364,0,22,0
0.367353,0.306471,-0.516011,0,22,0
0.0483433,-0.39332,-0.216046,0,22,0
0.781973,0.182223,-0.594417,0,22,0
1.34966,0.323425,-0.634072,0.13957,211,1
0.608986,0.478591,-1.04834,0.13957,-211,1
0.360115,-4.73733,-0.265574,0,22,0
1.66439,-4.80397,-0.426855,0,22,0
0.123738,-5.27819,1.74265,0,22,0
0.0290973,-6.73937,-0.0898113,0,22,0
0.424684,-3.97484,0.717321,0.13957,211,1
0.0519518,-3.72861,0.370902,0.13957,-211,1
0.235758,-2.57381,-2.63213,0,22,0
0.677902,-2.61518,-2.29545,0,22,0
0.0727578,-1.48033,-0.138408,0,22,0
0.212107,-0.450537,0.0134987,0,22,0
0.0669868,-1.42684,-0.195849,0,22,0
0.653492,-0.792512,-0.208487,0,22,0
0.287796,-1.93026,2.89902,0,22,0
0.397712,-2.32581,2.87305,0,22,0
0.561095,3.12972,-2.91103,0,22,0
0.00962881,3.95024,-1.0037,0,22,0
0.593179,2.70797,-1.65475,0.13957,211,1
0.506646,2.08692,-2.01211,0.13957,-211,1
0.380801,2.67063,-0.814506,0,22,0
0.161681,2.1439,-0.704894,0,22,0
0.0286321,0.845181,-1.91238,0,22,0
0.16503,1.39078,0.545703,0,22,0
0.258705,0.402024,0.529328,0,22,0
0.0718932,-0.276482,1.25304,0,22,0
0.102303,1.11085,2.56367,0,22,0
0.0832822,-0.144341,-3.12342,0,22,0
0.0233662,1.45681,1.86251,0,22,0
0.232678,0.764517,-0.148603,0,22,0
0.0355509,1.80127,-1.26258,0.13957,211,1
0.389416,-0.402172,2.79447,0.13957,-211,1
0.389078,0.0880328,-2.30555,0,22,0
0.170908,0.339248,-1.84257,0,22,0
0.0449975,-2.38106,1.42126,0,22,0
0.590256,-3.05991,1.88044,0,22,0
0.0162528,3.75281,2.39576,0,22,0
0.0592052,6.76649,3.13583,0,22,0
0.454481,1.75446,-2.36645,0.13957,211,1
0.625607,1.32586,-1.71468,0.13957,-211,1
0.821846,1.63908,-1.6892,0,22,0
0.66201,1.56921,-1.85853,0,22,0
0.0780755,1.45699,-1.88127,0,22,0
0.197376,0.418894,-1.8154,0,22,0
0.580858,-0.0331031,-1.3983,0,22,0
0.447347,0.143978,-1.20132,0,22,0
0.213339,0.34429,1.5146,0,22,0
0.0373265,0.166322,-0.184662,0,22,0
0.855083,-3.54358,-1.86334,0,22,0
0.0401905,-3.84502,-1.18833,0,22,0
0.0872979,-2.11239,-0.639642,0,22,0
0.312459,-1.33574,-0.823839,0,22,0
0.0578239,7.23236,-1.06825,0,22,0
0.382972,7.87368,-1.70939,0,22,0
0.393484,4.77006,-1.04257,0,22,0
0.0866451,4.98951,-0.330443,0,22,0
0.051711,6.382,0.578713,0,22,0
0.250156,5.43206,-0.0943268,0,22,0
0.262378,-3.92422,-1.99724,0,22,0
0.0196413,-5.54969,-2.51063,0,22,0
0.0159564,0.213291,-0.0877799,0,22,0
0.291698,0.141564,-2.92705,0,22,0
0.659787,3.2376,-2.90167,0,22,0
0.164928,3.41945,3.013,0,22,0
0.037043,4.01438,-1.72793,0,22,0
0.182225,3.44071,0.0243129,0,22,0
0.473089,1.35689,-2.60276,0,22,0
0.0707083,0.933489,-1.99102,0,22,0
0.393809,-0.350257,3.00802,0,22,0
0.0990354,-0.0393472,-2.65735,0,22,0
0.377146,-0.0356915,-2.02688,0,22,0
0.148589,0.455163,-1.74433,0,22,0
0.577477,-0.949593,-1.96055,0,22,0
0.743277,-0.760772,-2.04236,0,22,0
0.664164,-0.485981,-2.5889,0.13957,211,1
1.17819,-0.925483,-2.5401,0.13957,-211,1
0.270633,0.653061,-2.46312,0,22,0
0.0568419,-0.0241346,2.95162,0,22,0
4.08071,1.49787,0.530666,0,22,0
1.34026,1.44547,0.55486,0,22,0
0.0868111,1.6975,1.77753,0,22,0
0.131881,2.37896,2.88647,0,22,0
0.44899,5.00026,-1.53907,0,22,0
0.0199426,6.13643,-0.744418,0,22,0
0.240153,1.45118,-2.00282,0,22,0
0.0283827,1.5079,-0.0905367,0,22,0
0.332976,-3.45762,-2.98716,0,22,0
0.470537,-3.41873,2.9556,0,22,0
0.910739,4.53648,1.64475,0,22,0
0.159865,4.20446,1.52685,0,22,0
0.8158,3.37165,0.654799,0.13957,211,1
0.187637,4.36548,0.568834,0.13957,-211,1
0.120108,-1.92099,1.94695,0,22,0
0.248938,-1.76133,1.16295,0,22,0
0.209967,-3.20725,-1.5766,0,22,0
0.0629345,-2.88978,-2.7776,0,22,0
0.0650894,-3.73831,-2.19963,0,22,0
0.0454503,-5.50854,2.4546,0,22,0
0.189721,-2.50222,-1.60405,0.13957,211,1
0.727771,-1.64984,-0.945283,0.13957,-211,1
0.242632,4.5328,-1.25053,0.13957,211,1
0.0688283,6.69336,0.50061,0.13957,-211,1
0.108488,-2.1231,-0.34868,0.13957,211,1
0.367468,-1.52234,-2.91744,0.13957,-211,1
13.0575,0.344599,0.373948,0.13957,211,1
11.9206,0.350799,0.328741,0.13957,211,1
0.0904122,4.43779,-1.32628,0,22,0
0.0962807,5.22692,-0.040679,0,22,0
0.239749,3.79537,-1.26303,0,22,0
0.0181452,4.68793,2.71706,0,22,0
0.164796,4.2509,-1.42021,0,22,0
0.109609,3.53319,-0.719641,0,22,0
0.0561112,3.6201,-1.87472,0,22,0
0.0460763,1.82268,0.133588,0,22,0
0.0743287,-2.234,-0.531591,0,22,0
0.206708,-1.89202,-1.61748,0,22,0
0.34341,-2.7797,-1.57977,0,22,0
1.31264,-2.60306,-1.67539,0,22,0
0.836349,-2.65287,-1.49283,0,22,0
0.0738185,-2.13351,-1.35394,0,22,0
0.0389057,1.16456,-2.56265,0,22,0
0.144447,1.2542,-0.326939,0,22,0
1.00315,0.738697,-0.829671,0.93957,-2112,0
13.0838,0.0990545,0.0271132,0.13957,-211,1
21.2742,0.118037,0.0694206,0.13957,-211,1
0.551156,0.347945,-0.697861,0.13957,211,1
0.741016,0.580349,-0.892014,0.13957,-211,1
0.473088,0.100946,0.192494,0,22,0
0.177734,0.0729402,-0.27644,0,22,0
0.0782145,-3.93317,0.288756,0,22,0
0.803991,-4.20657,-0.17865,0,22,0
0.281162,-2.93073,-2.92844,0,22,0
0.0253644,-3.15641,1.52938,0,22,0
0.175284,-0.442639,-2.35569,0,22,0
0.355676,-0.898461,-2.64099,0,22,0
0.125879,-0.520959,-2.8964,0,22,0
0.372172,-1.00813,3.0012,0,22,0
0.172294,-1.02442,3.08636,0,22,0
0.426289,-0.789693,-2.75423,0,22,0
0.461568,-0.451055,3.00853,0,22,0
0.0288541,-1.45128,-2.73781,0,22,0
0.370224,-4.51666,1.92643,0.93827,2212,1
0.0586562,-4.7895,-0.204292,0.13957,-211,1
0.133907,-5.73183,1.81396,0.93957,-2112,0
0.135271,1.4878,-0.271277,0,22,0
0.0450452,2.99218,-0.79351,0,22,0
0.0894954,1.33044,0.412082,0,22,0
0.211352,2.27291,0.326869,0,22,0
0.161215,2.56931,-0.203815,0,22,0
0.418502,2.05572,-0.224412,0,22,0
0.460953,2.19297,-0.155624,0,22,0
0.0974901,1.65149,-0.4811,0,22,0
0.0510855,0.649594,-1.6116,0,22,0
0.0863017,0.227106,1.75085,0,22,0
0.227988,-3.3657,-2.07091,0,22,0
0.244233,-3.22622,-2.63301,0,22,0
0.0592438,0.229365,3.10209,0,22,0
0.103657,1.39973,-1.8975,0,22,0
0.147896,0.653673,-1.95858,0,22,0
1.05499,0.913954,-2.17958,0,22,0
0.056984,1.70265,-0.823509,0,22,0
0.0199048,-0.939962,2.55931,0,22,0
0.237895,1.57644,1.18277,0,22,0
0.0239129,0.348711,2.49898,0,22,0
0.0465852,1.04698,-0.883335,0,22,0
0.108219,1.44158,3.01348,0,22,0
0.177239,1.59855,0.965536,0,22,0
0.06979,1.43902,2.25641,0,22,0
0.113684,6.24364,-1.17859,0,22,0
0.335971,6.6033,-1.77588,0,22,0
0.266894,3.85556,1.58889,0,22,0
0.138451,3.27782,1.9785,0,22,0
0.315778,-1.66193,-1.02377,0,22,0
0.156196,-2.00066,-1.53279,0,22,0
0.264979,0.832624,1.061,0,22,0
0.0751999,0.50238,0.131024,0,22,0
0.0852327,4.2086,1.65038,0,22,0
0.0124696,1.46219,-0.762437,0,22,0
0.0486494,2.0062,-0.887573,0,22,0
0.17171,1.84511,-2.53597,0,22,0
0.0408494,-0.922099,-1.45923,0,22,0
0.509526,-0.301911,-2.16536,0,22,0
1.40692,-0.666985,-1.92346,0,22,0
0.0688694,-0.239288,-1.87543,0,22,0
0.522551,1.5044,0.710274,0,22,0
1.06184,1.53198,0.530938,0,22,0
0.0854204,2.74221,0.77743,0,22,0
0.234024,2.77156,1.77217,0,22,0
0.292474,2.77027,2.29548,0,22,0
0.191643,3.25527,2.00256,0,22,0
0.104181,5.3012,-2.6209,0,22,0
0.00522063,1.73251,-2.60715,0,22,0
0.0855844,2.69949,0.28801,0,22,0
0.296471,2.61851,-0.582746,0,22,0
0.111642,-1.27306,0.0979746,0,22,0
0.363114,-1.41079,0.766427,0,22,0
0.037094,-6.60589,2.47675,0,22,0
0.139683,-8.27183,2.66855,0,22,0
0.623545,1.96109,0.318406,0,22,0
0.161858,2.14099,0.705625,0,22,0
0.102653,0.619557,0.580742,0,22,0
0.052661,2.06244,-0.408434,0,22,0
0.156426,0.890619,-2.17588,0,22,0
0.225684,1.59415,-2.19533,0,22,0
0.801679,1.69622,-2.03004,0,22,0
0.641017,1.86704,-2.10883,0,22,0
0.0204044,-0.00255118,1.59202,0,22,0
0.199225,1.82766,1.88699,0,22,0
0.112715,3.04252,0.471524,0,22,0
0.100101,2.15841,-0.443772,0,22,0
0.826622,0.898729,-2.41016,0,22,0
0.246639,0.642051,-2.56235,0,22,0
0.0929654,1.14962,-2.45375,0,22,0
0.0475632,0.648967,1.05801,0,22,0
0.0326858,3.46351,-3.14103,0,22,0
0.178173,4.69699,1.87392,0,22,0
0.0651409,5.76884,-1.13751,0,22,0
0.15216,4.52927,-0.828814,0,22,0
0.0264517,-0.841896,-2.53683,0,22,0
0.220302,0.691551,-2.00459,0,22,0
0.408933,-0.21459,-2.10462,0,22,0
0.330733,-0.494732,-2.34122,0,22,0
11.3165,0.377206,0.379783,0.13957,-211,1
9.66142,0.39083,0.37078,0,22,0
1.25527,0.395307,0.409282,0,22,0
35.106,0.344576,0.366469,0.13957,211,1
7.91748,0.322985,0.411779,0.13957,-211,1
0.162698,0.603371,-0.71493,0,22,0
0.128168,-0.236051,-1.07284,0,22,0
1.86923,0.0507443,0.0605578,0.13957,211,1
30.6327,0.0968757,0.0469841,0.13957,211,1
0.591015,0.13115,-0.781534,0,22,0
0.0840586,0.706113,-0.617187,0,22,0
0.0855067,-2.74888,-2.26826,0,22,0
0.04485,-3.97683,1.89506,0,22,0
0.748409,0.320438,0.322141,0,22,0
6.19766,0.34873,0.378073,0,22,0
16.5127,0.325909,0.375108,0,22,0
0.934967,0.347051,0.402184,0,22,0
12.9416,0.0513055,0.0494481,0.49368,-321,1
3.62309,0.167023,0.0559452,0.13957,211,1
0.957973,0.0724557,0.19457,0,22,0
1.21201,0.133627,0.0852044,0,22,0
2.01595,0.0741392,0.124223,0,22,0
3.0974,0.0552852,0.073598,0,22,0
4.4871,0.0909842,0.092585,0,22,0
1.70103,0.135474,0.0724019,0,22,0
0.640607,0.10997,0.0331655,0,22,0
3.97963,0.0441436,0.0861993,0,22,0
1.53173,0.125411,0.0183344,0,22,0
0.919643,0.122728,-0.0954234,0,22,0
1.23384,0.0354483,0.0485829,0,22,0
3.48233,-0.0282877,0.0618793,0,22,0
9.94269,0.338575,0.356232,0.13957,-211,1
4.8553,0.30639,0.373465,0,22,0
1.60139,0.354769,0.374963,0,22,0
13.6671,0.35658,0.400914,0.13957,211,1
4.29336,0.358939,0.352019,0.13957,-211,1
21.143,0.354032,0.378076,0,22,0
44.0092,0.3523,0.374004,0,22,0
94.6076.

25.7887,-1.67824,-2.29636,0.13957,-211,1
20.94,-1.69801,-2.32629,0.13957,211,1
3.85642,-1.7698,-2.42492,0.13957,-211,1
7.45972,-1.74963,-2.24628,0.13957,211,1
2.36688,-1.67065,-2.75967,0.13957,-211,1
2.60598,-1.84488,-2.65149,0.93827,2212,1
2.90581,-1.68693,-2.54846,0.93827,-2212,1
6.98034,-1.6077,-2.7531,0.93827,2212,1
9.00473,-1.68442,-2.32279,0.93827,-2212,1
1.49424,-4.56193,-1.26903,0.13957,211,1
0.843736,-1.60035,0.177974,0.13957,-211,1
0.835419,-0.688083,1.19996,0.13957,211,1
2.87981,-0.90622,0.83366,0.13957,-211,1
7.64839,-1.03194,0.6241,0.49368,321,1
1.24394,-1.33116,0.656464,0.93957,2112,0
3.51255,-0.874567,1.01688,0.93827,-2212,1
0.352021,-0.554681,-0.310171,0.13957,-211,1
1.76295,-0.184899,-0.384781,0.93827,2212,1
0.249677,-0.767448,1.52957,0.93827,-2212,1
2.03226,0.263967,-0.26972,0.13957,211,1
2.45323,1.76906,-1.88261,0.13957,-211,1
0.582639,1.4685,-2.48716,0.13957,-211,1
0.0395045,4.51289,-2.39806,0.13957,211,1
0.3949,4.24014,1.42376,0.13957,-211,1
76.9536,0.0309534,0.607126,0.13957,211,1
34.4731,0.00512512,0.596191,0.13957,-211,1
47.6481,0.02437,0.609812,0.93827,2212,1
49.9163,-0.000626535,0.611281,0.93957,-2112,0
5.52951,0.0186088,0.650475,0.93827,-2212,1
0.494091,0.48199,-1.44295,0.13957,-211,1
0.524209,-2.71068,2.47325,0.13957,211,1
0.288088,-3.70765,-2.64389,0.13957,-211,1
0.203148,-6.7801,0.00835604,0.13957,211,1
0.728138,-5.02129,-2.17042,0.13957,-211,1
0.608203,-7.81103,-1.51993,0.13957,-211,1
0.497436,-1.51763,-2.09333,0.13957,211,1
10.383,-1.69801,-2.2956,0.49368,321,1
8.59646,-1.64466,-2.32553,0.13957,-211,1
0.0156271,-7.00747,2.8239,0.13957,-211,1
0.244051,-1.19537,-1.17727,0.13957,211,1
1.93375,-0.916078,0.818445,0.13957,211,1
1.66808,-0.780763,0.945333,0.13957,211,1
1.40094,-0.454133,0.906567,0.13957,-211,1
0.160906,2.83885,-0.786819,0.13957,211,1
0.776452,1.93504,-1.67607,0.13957,-211,1
2.49712,1.67148,-1.95208,0.13957,211,1
0.483173,1.15146,-1.88874,0.13957,-211,1
0.736925,1.85671,-2.9029,0.13957,211,1
1.29018,2.35646,-1.91427,0.13957,211,1
0.613337,2.30757,2.75752,0.13957,-211,1
0.624368,7.64733,-2.75962,0.13957,211,1
0.787453,8.51371,-2.58195,0.93957,2112,0
0.276338,8.43616,2.82091,0.13957,211,1
0.445592,8.24109,1.02121,0.13957,-211,1
67.4309,0.0266733,0.61106,0.13957,211,1
16.5018,0.0488745,0.610316,0.13957,-211,1
56.5364,0.0119877,0.598681,0.13957,211,1
29.6659,0.0022462,0.613313,0.13957,-211,1
4.59393,-0.0842827,0.592007,0.93827,2212,1
0.566412,0.276482,0.287908,0.13957,211,1
2.07478,-0.0764178,0.635603,0.93827,-2212,1
0.255933,0.297325,2.22559,0.13957,211,1
0.486341,-1.71318,0.595878,0.13957,211,1
0.162898,0.0293444,-1.90824,0.13957,-211,1
0.386606,-2.49721,-1.61748,0.13957,-211,1
1.01774,-2.58216,2.20732,0.13957,211,1
0.336224,-4.07906,2.06796,0.13957,-211,1
0.709639,-6.79951,1.6651,0.13957,211,1
0.605272,-9.30446,-3.01566,0.93827,2212,1
0.446132,-5.43291,2.71646,0.49761,130,0
1.15793,-1.67064,-2.50651,0.13957,211,1
0.437359,-1.52488,-2.31972,0.13957,-211,1
1.32426,-1.79156,-2.26769,0,22,0
0.670593,-1.61172,-2.75904,0,22,0
1.0764,-1.60384,-2.89922,0.13957,211,1
1.71999,-1.60783,-2.83883,0.13957,211,1
0.0993463,-3.19743,0.280561,0,22,0
0.29042,-2.42694,0.191843,0,22,0
0.719195,-1.47335,1.31358,0,22,0
0.102611,-1.74517,1.73201,0,22,0
4.06011,-1.20176,0.693486,0.93827,-2212,1
0.635738,-1.34808,0.789175,0.13957,211,1
1.22268,-1.20916,0.69853,0,22,0
1.44987,-1.10787,0.701568,0,22,0
0.257605,-0.232255,0.512353,0,22,0
2.42173,-0.37486,0.606379,0,22,0
0.0969695,0.205224,-2.00407,0,22,0
0.837548,1.47893,-0.99247,0,22,0
0.231475,1.75962,-1.11367,0,22,0
1.06378,1.26191,-1.6607,0.93957,-2112,0
0.104667,1.27978,-1.60298,0,22,0
3.71782,1.4772,-1.51509,0,22,0
0.536023,2.15538,-1.31592,0,22,0
0.317513,1.3705,-2.27512,0,22,0
0.0814361,2.16849,-2.09233,0,22,0
0.1038,0.871583,3.08165,0.13957,211,1
0.176975,2.44743,-2.39339,0.13957,-211,1
0.0312263,4.47156,0.407968,0,22,0
0.50752,3.48268,0.708163,0,22,0
0.168898,4.89756,-1.91582,0.13957,211,1
0.229088,5.06982,-0.739102,0.13957,-211,1
0.0417454,2.89437,3.01694,0,22,0
0.403421,3.464,-2.37153,0,22,0
16.8183,0.0112722,0.609673,0.13957,211,1
17.3108,0.0272455,0.621374,0.13957,-211,1
10.2303,-0.0967873,0.621728,0.93827,2212,1
2.50027,-0.0577772,0.600339,0.13957,-211,1
1.21117,-1.79202,-2.495,0,22,0
0.138303,-2.11863,-2.4612,0,22,0
15.2261,-1.73154,-2.27967,0.13957,211,1
7.25031,-1.71173,-2.31189,0.13957,-211,1
0.271945,-2.6314,-0.689441,0,22,0
0.19912,-2.44794,-1.24682,0,22,0
0.0444078,-2.75356,0.727517,0,22,0
0.150591,-3.51796,2.35391,0,22,0
2.60221,-1.05936,0.666349,0.93957,2112,0
0.164789,-1.36328,1.55613,0,22,0
0.146448,-1.80063,0.78869,0,22,0
0.13006,-0.628243,1.32713,0,22,0
0.283784,-0.685802,2.04251,0,22,0
0.58942,-0.174783,0.776026,0,22,0
0.0802521,0.117413,1.33007,0,22,0
0.208678,-1.52885,1.23875,0,22,0
0.0782888,-0.522984,1.36222,0,22,0
0.29404,1.60211,-1.56179,0,22,0
0.196563,2.00551,-1.17165,0,22,0
0.434006,7.33812,-0.35163,0,22,0
0.420474,7.52443,-0.607334,0,22,0
0.099946,8.58812,-2.23144,0,22,0
0.200878,9.19111,-1.48429,0,22,0
0.0507246,-0.555285,-0.552396,0,22,0
0.142906,-0.870002,1.22669,0,22,0
0.247997,-1.29017,-2.30103,0,22,0
0.357361,-1.43071,-1.86658,0,22,0
0.111587,-1.5111,2.45941,0,22,0
0.134007,-0.829779,-3.11524,0.000511,11,1
0.0586055,-1.28898,2.80539,0.000511,-11,1
0.0337556,-3.42551,1.67523,0,22,0
0.307393,-3.34701,0.229901,0,22,0
0.288236,-3.84621,-2.65461,0,22,0
0.248691,-4.08606,-3.10146,0,22,0
0.00210379,-1.47593,0.0139843,0,22,0
0.164051,-5.47547,-0.436987,0,22,0
0.119363,-6.65072,0.908098,0,22,0
0.0487768,-6.9563,-1.20678,0,22,0
0.609807,-1.94349,-2.13094,0,22,0
0.886995,-1.78351,-2.22062,0,22,0
15.9034,-1.80692,-2.29256,0.13957,211,1
2.32546,-1.90776,-2.10448,0.13957,-211,1
19.7513,-1.76762,-2.33957,0.13957,211,1
0.691346,-1.71009,-2.72885,0.13957,-211,1
15.3917,-1.66561,-2.79743,0.93957,-2112,0
0.652698,1.38029,-1.78846,0.93827,2212,1
0.0847733,0.608134,-1.28005,0.13957,-211,1
0.245499,0.850813,-1.93016,0,22,0
0.040173,1.4789,-2.88938,0.000511,11,1
0.0157116,1.55779,-2.96547,0.000511,-11,1
0.133351,2.13649,-2.30479,0,22,0
1.03178,1.7783,-2.25239,0,22,0
0.0444387,1.64388,2.76951,0,22,0
0.452153,2.00393,-2.60165,0,22,0
0.0834247,5.26321,0.505933,0,22,0
0.0547056,5.23787,-2.54374,0,22,0
12.4475,0.0371231,0.618394,0,22,0
8.24032,0.0424597,0.606181,0,22,0
0.457617,-1.19279,0.785054,0,22,0
0.0846844,-0.769928,1.329,0,22,0
0.269385,-1.15467,0.980019,0,22,0
0.410127,-0.780279,1.13214,0,22,0
0.861847,-1.32544,1.00404,0,22,0
0.791774,-1.22654,0.873904,0,22,0
0.330906,-0.187112,0.79985,0,22,0
0.0652669,-0.860519,0.179427,0,22,0
1.07471,0.177605,0.545575,0,22,0
0.330189,0.0601855,0.351518,0,22,0
0.0346278,-3.95648,-1.70721,0,22,0
0.266944,-2.76317,-2.32513,0,22,0
0.559386,-3.84706,-2.19797,0,22,0
0.102597,-3.29113,-2.21695,0,22,0
4.74291,-1.79618,-2.29999,0.13957,-211,1
16.8938,-1.66372,-2.77747,0.49368,-321,1
7.18632,-1.66084,-2.77473,0.13957,-211,1
10.9718,-1.65539,-2.77818,0.93957,2112,0
0.345872,-1.60613,-2.94032,0,22,0
1.23721,-1.74474,-2.78742,0,22,0
7.46965,-1.80385,-2.27466,0.13957,-211,1
5.90028,-1.81189,-2.27349,0.13957,-211,1
3.49544,-1.785,-2.2519,0.13957,211,1
6.28721,-1.77133,-2.29942,0.13957,211,1
27.0124,-1.67693,-2.76991,0.49368,321,1
18.3619,-1.65879,-2.79105,0.13957,-211,1
11.2655,-1.66568,-2.75669,0.13957,211,1
12.2269,-1.68148,-2.78996,0.13957,-211,1
0.140588,-1.69112,-2.59707,0,22,0
2.38763,-1.67747,-2.83018,0,22,0
52.3535,-1.79065,-2.30858,0,22,0
1.22438,-1.7945,-2.30711,0.000511,11,1
5.72771,-1.79729,-2.30501,0.000511,-11,1
21.7952,-1.65583,-2.81068,0.13957,211,1
0.616827,-1.68846,-2.83776,0,22,0
8.90685,-1.64918,-2.79565,0,22,0
7.15138,-1.67745,-2.78758,0,22,0
16.6002,-1.66878,-2.77873,0,22,0
17.6564,-1.65249,-2.76275,0,22,0
1.4338,-1.67269,-2.7451,0,22,0
7.56543,-1.65954,-2.77215,0,22,0
18.0052,-1.65632,-2.78326,0,22,0
11.0476,-1.61193,-2.78245,0,22,0
5.42863,-1.6195,-2.79815,0,22,0
125.147.

8.83014,-1.94158,1.12653,0,22,0
0.465397,6.48439,-0.494899,0.13957,-211,1
1.16675,-3.12233,1.77838,0.93827,2212,1
0.435957,-3.97227,2.24271,0.93957,-2112,0
0.472877,-4.57218,0.171374,0.13957,211,1
0.269036,-5.56631,-1.65058,0.13957,211,1
0.311345,-7.84165,-0.751044,0.13957,211,1
0.202673,-7.95123,-1.564,0.13957,-211,1
1.36238,-1.53772,-1.41814,0.13957,211,1
4.06794,-1.29567,-1.82719,0.13957,-211,1
13.0778,-1.35865,-1.81154,0.13957,211,1
46.7394,-1.60687,-2.03009,0.13957,211,1
16.0504,-1.56423,-2.06335,0.13957,-211,1
18.3117,-1.59746,-1.9867,0.13957,211,1
6.70411,-1.55624,-2.06676,0.13957,-211,1
25.8969,-1.58921,-2.0198,0.49368,321,1
0.573524,6.28004,2.94329,0.13957,211,1
0.550803,7.18331,-2.36067,0.93957,2112,0
0.408041,6.25422,2.78526,0.13957,211,1
0.30501,4.58491,2.15835,0.13957,211,1
0.754584,2.55371,1.12405,0.13957,211,1
0.193914,1.61442,-0.340689,0.13957,-211,1
0.132082,3.13762,1.61739,0.13957,211,1
0.656332,0.947437,1.09946,0.13957,-211,1
0.520299,0.356529,2.28021,0.13957,-211,1
0.415918,0.733728,1.78132,0.13957,211,1
0.544887,0.678921,1.24945,0.13957,-211,1
4.56278,0.558984,1.34444,0.93957,2112,0
1.77411,1.02439,1.04,0.13957,211,1
1.1731,0.249779,2.06112,0.49368,321,1
169.744,-2.0122,1.21396,0.13957,211,1
3.27596,-1.80375,0.760344,0.13957,-211,1
1.01253,-1.70813,1.18796,0.13957,211,1
0.534655,-2.10691,-0.265484,0.13957,-211,1
0.474896,0.276006,-2.428,0.13957,-211,1
0.18312,0.470167,-1.17795,0.13957,-211,1
0.132348,3.43173,-2.84758,0.49368,-321,1
0.213773,1.82267,3.11209,0.13957,-211,1
0.578603,5.30156,2.98429,0.13957,211,1
0.41103,4.99291,-1.22023,0.13957,211,1
0.658612,6.85354,-2.65606,0.13957,211,1
0.19203,-5.25321,-1.19247,0.93957,2112,0
0.829151,-3.73914,1.11774,0.93957,-2112,0
0.653033,-3.31024,2.27503,0.13957,211,1
0.260132,-4.22716,2.68642,0.13957,-211,1
0.860757,-3.09486,1.6488,0.13957,211,1
0.145708,-3.45651,-2.94018,0.13957,-211,1
0.352636,-3.54816,1.42869,0.13957,211,1
0.373339,-2.58777,-0.886971,0.13957,-211,1
0.369159,-3.84556,1.58966,0.13957,-211,1
0.34049,-5.33607,-0.116343,0.13957,211,1
0.697226,-4.61945,-0.17621,0.13957,-211,1
0.506088,-5.59087,0.291392,0.13957,-211,1
0.684962,-8.14251,-1.30559,0.93827,2212,1
1.36036,-1.14003,-1.86086,0.13957,-211,1
0.127108,6.76651,-2.76635,0.13957,-211,1
0.456084,7.37627,2.07924,0.93827,-2212,1
0.194098,6.37257,-2.33373,0.13957,-211,1
0.174682,3.98549,-0.573088,0.13957,211,1
0.58391,5.2959,-1.9367,0.13957,-211,1
0.308987,3.96289,2.6878,0.13957,211,1
0.819699,4.22617,1.13057,0.13957,-211,1
0.165721,1.33134,1.93845,0.13957,-211,1
0.133332,3.37776,-2.80828,0.13957,211,1
0.377505,1.3547,-0.0195636,0.13957,-211,1
0.350337,1.29059,0.962507,0.13957,211,1
2.27329,0.835572,1.6674,0.13957,-211,1
0.561379,0.0419614,2.01671,0.13957,211,1
1.32153,0.684746,1.82377,0.13957,211,1
1.58402,1.17553,1.51461,0.13957,-211,1
1.71328,0.804657,1.52286,0.13957,211,1
0.910659,1.11149,0.917156,0.13957,211,1
0.640442,1.2176,1.63673,0.13957,-211,1
2.01383,0.768188,1.20706,0.93827,-2212,1
0.0752902,1.96789,1.56363,0.13957,-211,1
0.663968,-0.818511,1.04467,0.13957,211,1
1.29278,-1.37008,0.950795,0.13957,-211,1
147.005,-2.01664,1.21231,0.49368,321,1
103.807,-2.01736,1.20775,0.13957,-211,1
33.502,-2.02116,1.19815,0.49368,321,1
16.5515,-2.0132,1.2292,0.13957,-211,1
2.76543,-2.14826,1.27765,0.13957,211,1
2.09717,-1.87692,1.17387,0.13957,-211,1
0.646224,-1.51224,0.989512,0.13957,211,1
0.477255,0.832106,1.4699,0.13957,211,1
0.683751,2.06745,-1.03433,0.13957,211,1
0.616296,2.89308,3.02944,0.49761,130,0
0.745032,1.93986,-1.0886,0.13957,211,1
0.331525,5.49246,1.86379,0.13957,-211,1
0.36212,6.41263,-0.166112,0.13957,-211,1
0.398715,8.88803,-1.31059,0.93827,2212,1
0.326476,8.59297,-2.6176,0.13957,211,1
0.420246,-3.40532,-1.9433,0,22,0
0.00825962,-4.58641,0.628579,0,22,0
0.115421,-4.41194,-1.07847,0.13957,211,1
0.221417,-3.27421,-2.92814,0.13957,-211,1
0.0354451,-2.63683,2.79819,0,22,0
2.55496,-3.44526,0.00235275,0.93957,-2112,0
0.354956,-2.96863,-0.0249659,0.13957,-211,1
0.00756045,-3.2131,-1.7476,0,22,0
0.0579123,-6.92979,2.7327,0,22,0
0.0935187,-4.89987,1.58658,0.13957,211,1
0.17892,-6.2173,-1.15111,0.13957,-211,1
0.340598,-1.21553,-1.80665,0,22,0
13.1244,-1.31327,-1.76594,0.13957,211,1
3.3357,-1.25228,-1.78669,0.13957,-211,1
3.71105,-1.27396,-1.81771,0.13957,211,1
1.46141,-1.29064,-1.74047,0.13957,-211,1
10.5002,-1.60034,-2.01602,0.13957,211,1
5.10275,-1.59288,-2.06723,0.13957,-211,1
35.0081,-1.60036,-2.03286,0.13957,211,1
8.59827,-1.60087,-2.02245,0.13957,-211,1
3.33388,-1.65505,-1.9558,0,22,0
9.00929,-1.63606,-1.97149,0,22,0
9.22165,-1.63912,-2.05384,0,22,0
0.708694,-1.64421,-2.00128,0,22,0
1.33835,-1.65371,-2.01934,0,22,0
0.658592,4.53623,2.53688,0,22,0
0.0131421,5.83091,2.96585,0,22,0
0.363649,4.97503,-0.778438,0,22,0
0.182981,3.82622,-2.11001,0,22,0
0.457258,3.88789,-1.64323,0,22,0
0.57284,3.43956,-2.95578,0,22,0
0.0122912,2.81888,1.66151,0,22,0
0.304651,2.5902,0.815046,0,22,0
0.543717,2.65838,1.14105,0,22,0
0.579225,1.67197,1.69549,0,22,0
0.170772,2.07765,1.82728,0,22,0
2.32109,0.774005,1.38121,0,22,0
0.344401,0.837064,1.51849,0,22,0
1.38919,0.666436,1.46621,0,22,0
2.0677,0.71234,1.5313,0,22,0
0.146676,-1.20149,2.70307,0.13957,-211,1
0.0553064,-0.734133,-0.219204,0,22,0
0.10461,0.268718,2.46276,0,22,0
0.0227959,-1.90666,-2.94333,0,22,0
5.08518,-2.04717,1.24336,0.13957,211,1
8.22592,-2.02299,1.22377,0.13957,-211,1
0.0780803,-1.86479,2.33954,0,22,0
0.317665,-1.19715,1.81189,0,22,0
0.248808,-1.18729,1.14913,0.13957,211,1
0.410827,-1.92969,0.490978,0.13957,-211,1
0.278356,-1.95544,1.40075,0.13957,211,1
0.297687,-1.13969,1.18732,0.13957,-211,1
0.147727,5.42388,0.195255,0.13957,211,1
0.252938,5.88715,1.76238,0.13957,-211,1
0.0315274,8.91979,1.94204,0,22,0
0.164437,7.26817,1.61307,0,22,0
0.121548,7.89108,-0.19545,0,22,0
0.154149,5.19509,-2.36754,0,22,0
0.0962926,7.18408,-0.336581,0,22,0
0.106679,6.78567,1.03939,0,22,0
0.12369,6.0148,0.0233978,0,22,0
0.0517018,7.01967,1.46957,0,22,0
0.101771,-3.14062,-0.382227,0,22,0
0.150933,-2.70445,0.660837,0,22,0
0.15983,-6.03566,-0.315146,0,22,0
0.0540617,-4.6892,-0.247034,0,22,0
0.0423234,-6.81756,2.0434,0,22,0
0.347704,-5.79016,2.33832,0,22,0
0.0540122,-5.16437,-3.12112,0,22,0
0.131977,-3.70316,-3.00795,0,22,0
0.196066,-6.35951,-2.26647,0,22,0
0.05599,-7.20039,3.02233,0,22,0
0.3924,-7.4873,-2.49413,0,22,0
0.33259,-7.35435,-2.14318,0,22,0
0.485136,-1.62935,-1.92837,0,22,0
2.02886,-1.49995,-1.88661,0,22,0
0.816108,7.34829,1.78285,0,22,0
0.387309,7.11414,1.73218,0,22,0
0.193961,2.96451,2.12314,0,22,0
0.39223,2.63586,1.7599,0,22,0
0.0503,0.857099,1.04283,0,22,0
0.0853848,1.90626,-1.07289,0,22,0
1.38482,0.94041,1.97679,0,22,0
0.257079,1.1401,1.87106,0,22,0
0.122309,-0.174636,-1.24025,0,22,0
0.0970108,0.0996856,-2.53756,0,22,0
0.0587431,-0.140418,1.0712,0,22,0
0.0915577,-0.263898,-1.25578,0,22,0
5.51217,-2.03647,1.18727,0.13957,211,1
11.9463,-1.98768,1.19299,0.13957,-211,1
5.83145,-2.05553,1.25231,0.13957,211,1
2.42365,-1.97523,1.18749,0.13957,-211,1
0.281457,-0.557289,2.07734,0,22,0
0.098021,-0.784185,2.87881,0,22,0
0.0995527,-0.839656,-1.07342,0,22,0
0.167285,0.124652,-0.7726,0,22,0
0.0987037,0.649289,2.15049,0,22,0
0.054722,0.852964,-0.148864,0,22,0
0.190039,2.02511,-2.37614,0,22,0
0.336443,2.11422,-2.90874,0,22,0
0.213835,6.11422,-0.606599,0,22,0
0.231375,6.46602,-1.1049,0,22,0
0.239559,7.58116,2.32584,0,22,0
0.0118922,9.69143,2.47987,0,22,0
0.293757,-3.33312,2.06573,0.13957,211,1
0.297671,-3.20418,0.534419,0.13957,-211,1
0.147904,-3.50938,0.861408,0,22,0
0.153459,-3.02871,1.63358,0,22,0
0.488194,-4.38837,0.0643937,0.93827,2212,1
0.181286,-3.48034,-0.17072,0.13957,-211,1
0.0330557,-5.57419,-0.639614,0,22,0
0.135323,-6.47141,1.58259,0,22,0
2.64394,-1.26695,-1.73885,0,22,0
6.36236,-1.29563,-1.75498,0,22,0
3.46439,-1.38783,-1.81446,0,22,0
0.69984,-1.39753,-1.90063,0,22,0
0.418552,-1.58833,-2.17993,0,22,0
1.53094,-1.50838,-2.03134,0,22,0
22.689,-1.60083,-2.03056,0,22,0
3.36356,-1.58673,-2.03689,0,22,0
0.0223743,2.57901,1.77216,0,22,0
0.224928,3.13157,-2.22793,0,22,0
0.567395,0.565068,1.84673,0,22,0
0.0236369,-0.492857,1.48286,0,22,0
0.749017,0.656705,1.80348,0,22,0
0.278211,0.888596,1.62042,0,22,0
0.0200222,2.25155,1.83267,0,22,0
0.209739,0.457506,1.43182,0,22,0
0.962931,-0.540343,-3.06457,0.93827,2212,1
0.157369,-0.111103,-2.45528,0.13957,-211,1
0.423687,-0.794305,1.87657,0.93957,-2112,0
1.65534,-2.0525,1.09713,0,22,0
1.31937,-2.06064,1.18813,0,22,0
0.0877976,-0.41192,-2.2101,0,22,0
0.0177484,-2.8183,-0.38232,0,22,0
0.0628072,-0.160618,-0.729786,0,22,0
0.0963616,-0.598949,-2.7204,0,22,0
0.217735,5.31413,-2.12731,0,22,0
0.0507346,5.71205,2.8435,0,22,0
0.023305,-3.34771,1.70108,0,22,0
0.164297,-2.45826,-1.73532,0,22,0
0.191416,-2.87154,0.393033,0,22,0
0.152612,-2.40217,1.03596,0,22,0
0.0563281,-1.64313,-1.77372,0,22,0
5.47102,-1.67134,-2.01582,0,22,0
3.42129,-1.6239,-2.03004,0,22,0
5.77665,-1.60695,-2.00485,0,22,0
1.09983,-1.25678,-1.67595,0.10566,13,1
16.0659,-1.6484,-2.02501,0.49368,321,1
7.26475,-1.67467,-1.98202,0,22,0
3.20616,-1.68839,-2.00639,0,22,0
0.0459892,-1.10765,2.567,0,22,0
0.184642,-0.269497,1.30037,0,22,0
2.31295,-1.26957,-1.67573,0,22,0
12.3087,-1.2704,-1.70102,0,22,0
15.4795,-1.27307,-1.72673,0.13957,-211,1
10.5642,-1.29698,-1.75349,0.13957,211,1
0.53774,-1.7104,-2.0135,0,22,0
3.48571,-1.61724,-2.04567,0,22,0
1.1439,-1.16598,-1.82148,0,22,0
1.29393,-1.26832,-1.77873,0,22,0
4.59699,-1.28068,-1.70767,0.13957,211,1
21.7416,-1.25269,-1.72669,0.13957,-211,1
27.4093,-1.2448,-1.7324,0.49761,130,0
18.2256,-1.27068,-1.71393,0,22,0
1.2157,-1.24214,-1.7112,0,22,0
24.495,-1.62712,-2.04736,0.49761,130,0
25.478,-1.58213,-1.9995,0.49761,130,0
1.79535,-1.67797,-2.05174,0,22,0
1.50609,-1.59994,-2.0263,0,22,0
4.17814,-1.65152,-2.00304,0.13957,-211,1
3.14748,-1.60209,-1.96833,0,22,0
1.67478,-1.61451,-2.0258,0,22,0
14.4007,-1.28091,-1.74898,0,22,0
0.149029,-1.3134,-1.78957,0.000511,11,1
7.36541,-1.275,-1.75641,0.000511,-11,1
8.89429,-1.25725,-1.75973,0,22,0
2.69728,-1.25999,-1.78715,0,22,0
2.94313,-1.60358,-2.07014,0,22,0
14.1776,-1.62006,-2.08298,0,22,0
120.092.

