2.42413,2.00874,0.215783,0.13957,-211,1
1.03644,2.68705,-0.288353,0.13957,211,1
0.808673,5.91438,1.78314,0.93957,2112,0
0.343305,-5.07055,-2.66475,0.13957,211,1
0.73899,-7.37202,-1.85554,0.13957,-211,1
3.33002,5.51999,1.70963,0.13957,211,1
1.3008,3.01705,1.1835,0.13957,-211,1
0.623969,2.66257,-0.352285,0.13957,211,1
0.456227,2.60571,-0.506073,0.13957,211,1
0.437524,4.4903,0.277004,0.49368,321,1
1.13905,3.77685,-0.966382,0.49368,-321,1
0.415939,2.03222,1.12643,0.13957,211,1
0.564431,2.02296,-1.62429,0.13957,211,1
0.363902,-4.04566,-2.82711,0.13957,-211,1
0.892069,-2.56137,2.93672,0.13957,211,1
0.28836,-2.08553,-1.00405,0.13957,-211,1
41.2191,1.86054,-2.04464,0.93957,2112,0
8.39858,1.93202,-2.02492,0.93827,-2212,1
0.687235,2.23721,-0.414017,0.13957,-211,1
50.0441,-1.82246,-3.0086,0.13957,211,1
27.2029,-1.84617,-3.02492,0.13957,-211,1
8.39335,-1.79658,-3.00571,0.13957,211,1
14.8759,-1.83073,-3.03182,0.93957,2112,0
9.75392,-1.81514,-3.0382,0.93957,-2112,0
2.28728,-1.67698,-2.9579,0.13957,211,1
2.53352,-1.78267,-3.02312,0.13957,-211,1
1.92394,-1.05079,3.1359,0.93827,2212,1
2.48658,-0.364981,-2.8674,0.93957,-2112,0
0.473002,1.76974,0.890954,0.13957,-211,1
2.37676,2.96754,-0.34257,0.93957,2112,0
1.58393,3.15492,-1.15899,0.93957,-2112,0
0.83528,3.59114,-1.34023,0.13957,-211,1
0.345664,1.39402,-1.36584,0.13957,211,1
0.452468,1.71415,0.231096,0.93957,-2112,0
2.86578,0.384714,0.629534,0.13957,-211,1
1.39685,-0.249877,-2.87964,0.13957,211,1
0.594545,-1.08581,-2.19489,0.13957,211,1
1.63595,-0.728189,2.8589,0.13957,-211,1
0.744434,-1.64353,2.82153,0.13957,211,1
0.685035,-1.06809,-1.59468,0.13957,-211,1
5.00746,0.0141284,0.615714,0.13957,211,1
10.2686,0.154336,0.737135,0.13957,-211,1
0.101874,-0.00717928,-1.07692,0.13957,211,1
0.423518,0.875828,-0.654405,0.13957,-211,1
0.412893,-0.179924,-1.62161,0.93827,2212,1
0.952415,-0.416975,0.762432,0.93957,-2112,0
0.585564,-1.66628,1.61009,0.13957,-211,1
0.994225,-1.43468,1.34917,0.93827,-2212,1
1.23298,-2.32114,-3.10306,0.13957,211,1
0.477108,-1.79531,2.73326,0.13957,-211,1
1.38241,-2.56564,-2.98494,0.13957,-211,1
1.23318,-2.48973,-2.04565,0.93957,2112,0
0.590784,-3.89356,-1.63039,0.93827,-2212,1
0.527311,-2.45704,-0.403948,0.13957,-211,1
0.080324,-0.910586,0.509522,0.13957,211,1
2.33035,-3.48849,0.37675,0.13957,-211,1
0.0770583,-2.97212,-1.54786,0.13957,211,1
0.614481,-3.48503,-0.000242227,0.13957,-211,1
0.533468,-4.15024,-1.83715,0.13957,211,1
0.499663,-5.89231,-1.46808,0.93957,-2112,0
0.957676,-4.86944,-2.21344,0.13957,211,1
0.405852,-5.43128,-0.654193,0.13957,-211,1
0.389374,-5.36085,0.514408,0.13957,211,1
0.137705,2.42729,-1.22154,0.13957,-211,1
6.34008,1.55218,-2.07464,0.13957,211,1
3.71698,1.75767,-1.8393,0.13957,-211,1
5.51575,1.85004,-1.90077,0.13957,211,1
8.35511,1.67365,-1.98547,0.93957,2112,0
2.88905,1.6784,-2.03793,0.93827,-2212,1
0.213202,3.80748,2.55395,0.13957,211,1
0.688837,2.26458,-0.868674,0.13957,-211,1
0.32026,2.97689,-1.07195,0.13957,-211,1
0.764891,4.39358,-1.63051,0.13957,-211,1
0.771006,4.67522,-1.88981,0.13957,211,1
0.688359,5.39336,-2.12322,0.49368,-321,1
0.125108,7.286,-1.78257,0.13957,211,1
0.348447,7.39473,-2.22654,0.93957,2112,0
1.16105,6.4108,-2.8366,0.93957,-2112,0
0.773893,3.80585,0.645853,0.49368,-321,1
0.673667,3.06247,-2.54726,0.49368,-321,1
0.864333,1.77022,2.65787,0.13957,211,1
1.72001,-5.0083,-1.08301,0.13957,-211,1
0.528604,-1.22707,-2.14323,0.13957,211,1
0.593805,2.48639,0.976078,0.13957,-211,1
0.583182,3.28418,-0.561663,0.13957,211,1
0.29115,3.52333,1.05562,0.49761,130,0
3.19037,-0.0805241,3.06744,0.49761,130,0
0.166017,-4.58625,-1.94679,0.13957,-211,1
0.477507,-6.66901,0.0363735,0.13957,-211,1
0.0552189,-8.34891,1.53912,0.13957,211,1
1.33737,-5.09437,2.00136,0.13957,211,1
0.699735,-5.03291,-1.71553,0.13957,211,1
0.315098,-4.38803,0.905648,0.13957,-211,1
2.34353,-3.9055,-0.44314,0.49368,321,1
0.465668,-3.88921,-0.944339,0.13957,-211,1
1.32012,5.0376,1.56899,0.49761,130,0
0.448284,5.63884,1.26602,0.49761,130,0
0.746671,3.29974,-0.345503,0.13957,211,1
0.330071,4.43681,0.520733,0.13957,-211,1
0.379697,2.74935,0.105212,0.13957,-211,1
0.264573,3.89575,0.953168,0.93827,2212,1
0.242308,2.01533,1.522,0.13957,-211,1
0.529602,4.6949,-0.127582,0.93827,-2212,1
0.361598,4.02185,1.71385,0.13957,-211,1
0.0378296,1.32152,-1.37418,0.13957,211,1
0.322317,2.57732,-2.03013,0.13957,-211,1
0.445458,1.13601,2.63456,0.13957,211,1
0.625321,0.846878,1.33594,0.13957,-211,1
1.6395,-3.35308,-0.402549,0.49368,-321,1
0.0325001,-4.30563,1.54407,0.13957,211,1
0.185314,-3.18738,-2.26959,0.13957,211,1
0.62885,-2.08214,-0.0582192,0.13957,-211,1
0.566103,0.552405,-2.89888,0.13957,-211,1
0.474219,-1.62023,0.209228,0.13957,211,1
0.811687,-2.0295,1.42846,0.13957,-211,1
1.11575,-3.76339,-0.967357,0.13957,211,1
0.265711,-2.5381,-0.521741,0.93827,2212,1
0.420987,-2.27623,0.895103,0.13957,211,1
4.0072,1.89253,-2.01324,0.13957,211,1
1.36264,1.65569,-1.30669,0.13957,211,1
20.1611,-1.82181,-3.01267,0.13957,-211,1
2.36799,-2.01968,-3.02741,0.13957,-211,1
0.543885,0.767507,1.23414,0.49761,130,0
0.320576,-0.140051,-2.63329,0.13957,211,1
0.816086,1.4187,2.15276,0.13957,-211,1
0.4567,0.840986,2.40706,0.13957,-211,1
0.345702,1.17853,1.07961,0.13957,211,1
0.77965,2.95144,-1.53614,0.13957,211,1
0.302355,2.61565,-0.950476,0.13957,211,1
2.12845,3.05086,-1.39645,0.13957,-211,1
1.54628,3.16553,-1.51753,0.13957,211,1
1.69513,3.42403,-1.5221,0.93957,2112,0
0.072612,4.20745,2.75719,0.13957,-211,1
0.507154,-0.493644,-3.06587,0.13957,-211,1
3.58874,-0.0852261,0.533075,0.13957,211,1
11.4247,0.0146298,0.454253,0.13957,-211,1
14.0538,0.044349,0.648324,0.49761,130,0
2.20111,-0.0459761,0.797079,0.13957,-211,1
0.359789,-1.50775,-1.8418,0.13957,-211,1
0.922519,-0.852064,1.36115,0.93827,2212,1
0.426055,-0.399954,-0.125127,0.13957,211,1
1.44941,-1.24405,1.71598,0.13957,211,1
0.80914,-1.3154,0.72056,0.13957,-211,1
1.72549,-1.01215,1.78441,0.13957,211,1
0.294133,-2.16845,0.199355,0.13957,-211,1
0.881618,-2.52505,2.22042,0.13957,211,1
0.649401,-3.04008,-1.43202,0.13957,211,1
0.597193,-1.38032,-0.604241,0.13957,211,1
0.174038,-3.07609,-1.66536,0.13957,211,1
0.269042,-1.56673,-1.13585,0.13957,-211,1
0.262828,-3.22027,0.492845,0.49368,-321,1
0.62843,-2.24576,-0.32008,0.13957,211,1
0.0805829,-3.47005,2.40822,0.13957,211,1
0.545773,-4.26175,0.594884,0.13957,-211,1
0.226978,-3.49375,0.0790769,0.13957,211,1
0.50557,-5.00527,1.87079,0.13957,-211,1
0.449846,-5.74616,-1.71907,0.93957,2112,0
0.128001,-4.20543,1.8762,0.13957,-211,1
0.53885,-6.66486,2.53507,0.49368,321,1
1.17979,-6.01036,2.65615,0.13957,-211,1
1.38597,-5.99314,1.00919,0.49761,130,0
1.02218,-6.81939,2.05888,0.49761,130,0
0.338311,2.50431,2.16179,0.13957,211,1
0.141836,1.99363,2.67237,0.13957,-211,1
0.520226,3.31027,-2.39618,0.13957,211,1
0.630059,5.16474,0.266156,0.13957,211,1
0.724856,4.88403,-1.35555,0.49368,321,1
0.25775,6.20444,-0.86024,0.49761,130,0
0.829499,5.51949,-0.622369,0.49761,130,0
0.675984,5.43137,-0.987222,0.49368,-321,1
0.804909,5.42113,-1.60954,0.13957,211,1
0.262238,5.5355,-1.69894,0.13957,-211,1
0.211198,6.33708,1.47935,0.13957,211,1
0.121762,5.36884,2.89743,0.13957,-211,1
0.419597,5.81435,2.76477,0.49761,130,0
0.31881,5.02973,0.64245,0.13957,-211,1
0.173322,3.09837,0.324703,0.13957,211,1
1.33247,3.06266,1.74748,0.13957,211,1
0.190497,3.29055,-2.77626,0.13957,-211,1
0.65881,3.11473,1.45918,0.13957,211,1
1.30916,2.78744,2.24957,0.49761,130,0
0.880323,1.86486,-2.59347,0.13957,211,1
0.768361,1.24521,-2.6267,0.13957,-211,1
0.394084,1.17807,2.21589,0.13957,-211,1
0.231278,0.569888,3.10833,0.13957,211,1
1.3293,0.796227,2.51067,0.49761,130,0
0.211498,2.14095,2.75336,0.49761,130,0
0.532115,-4.38725,-1.38196,0.13957,211,1
0.272878,-4.15778,0.393755,0.13957,-211,1
0.432204,3.08648,-0.536359,0.13957,-211,1
0.391066,5.16839,-0.507914,0.13957,211,1
0.32204,-5.86317,3.1306,0.49761,130,0
1.67351,-1.82777,-0.434001,0.49761,130,0
1.22961,3.3372,1.62064,0.49761,130,0
0.252304,-2.17615,2.89876,0.49761,130,0
0.0970632,0.950611,-1.50942,0,22,0
0.878985,-0.960308,2.46833,0,22,0
0.19187,-1.28701,2.44968,0,22,0
0.318925,7.18968,2.28446,0.13957,211,1
0.268087,7.66273,-2.83862,0.13957,-211,1
0.31844,-5.05878,1.33091,0,22,0
0.0723844,-5.13443,2.24862,0,22,0
0.488853,-4.79505,0.732037,0,22,0
0.427972,-4.414,-0.47458,0,22,0
0.460478,-4.79208,2.52769,0,22,0
0.517152,-4.84626,2.2556,0,22,0
0.410611,-3.25017,-1.024,0,22,0
0.588302,-4.09242,-0.308735,0,22,0
0.577464,5.58717,0.397187,0.13957,211,1
0.206455,5.51372,1.13074,0.13957,-211,1
0.26527,1.03748,1.03221,0,22,0
0.238464,1.55627,1.1454,0,22,0
0.279584,0.960407,-0.287015,0.13957,211,1
0.306531,-0.195495,-0.790539,0.13957,-211,1
0.125113,-0.174019,2.36004,0.13957,211,1
0.588664,-0.279136,0.542723,0.13957,-211,1
1.71752,-0.19941,0.637671,0.93957,2112,0
0.268307,0.452856,1.01392,0.13957,-211,1
0.309497,-1.36935,-0.329864,0.93827,-2212,1
0.0644192,-1.33903,2.51741,0.13957,211,1
0.0956589,-1.6314,-2.88752,0,22,0
0.524011,-3.29023,-1.04117,0,22,0
0.13809,-2.18555,-0.255995,0.13957,211,1
0.461348,-2.72582,0.630941,0.13957,-211,1
0.266589,-2.00125,-1.70958,0,22,0
0.334776,-1.97127,-2.16432,0,22,0
0.0358293,2.9373,-1.45299,0,22,0
5.68459,1.91756,-2.04508,0,22,0
0.27027,1.63337,-2.25403,0.13957,211,1
0.643053,2.20918,-1.76973,0.13957,-211,1
0.559317,1.53689,-0.888492,0.000511,11,1
0.460611,2.25794,-1.32648,0.13957,211,1
6.53219,-1.83331,-3.03379,0.13957,211,1
6.79286,-1.77965,-3.02188,0.13957,-211,1
0.232829,-2.01636,-3.04593,0,22,0
1.28504,-1.80944,3.10328,0,22,0
0.916121,-1.78552,3.07956,0.13957,211,1
0.75838,-1.57917,-2.73668,0.13957,-211,1
0.285913,-1.31238,3.13858,0,22,0
0.551454,-0.266211,2.27168,0,22,0
0.140452,0.437558,-1.27244,0,22,0
0.140006,1.34096,-1.0409,0,22,0
0.216294,2.57592,0.0525639,0,22,0
0.0319948,3.95785,0.695314,0,22,0
0.0388163,-1.21779,0.608455,0,22,0
0.127171,-1.77784,2.93316,0,22,0
0.0689815,-0.0304283,-1.85607,0.13957,211,1
0.28645,0.331744,-2.65612,0.13957,-211,1
0.358106,-0.20953,2.78233,0,22,0
0.493199,-0.391453,3.04763,0,22,0
0.440058,-0.102652,-2.6876,0.13957,211,1
0.156658,-0.167274,-2.75764,0.13957,-211,1
2.09925,-0.536183,-3.10888,0,22,0
0.495542,-0.131334,-2.75726,0,22,0
0.0361881,-0.469416,3.06855,0,22,0
0.143245,-0.625468,0.65696,0,22,0
3.27594,0.0657946,0.171377,0,22,0
1.55481,-0.0344745,0.281078,0.13957,211,1
3.27856,-0.0175564,0.187138,0.13957,-211,1
1.90826,0.166527,0.468979,0,22,0
1.50032,0.177863,0.389994,0,22,0
1.7163,0.0756381,0.695295,0,22,0
22.1332,0.057246,0.707184,0,22,0
2.38273,0.0635371,0.710261,0,22,0
0.217004,0.426773,-0.374813,0,22,0
0.237351,0.0918188,-0.279994,0,22,0
0.373771,0.237086,0.152595,0,22,0
1.2082,-1.76386,1.69241,0,22,0
0.376599,-1.59805,1.80421,0,22,0
0.363772,-2.87428,1.36668,0,22,0
0.266338,-2.67604,1.75463,0,22,0
0.894145,-2.57118,-2.3592,0,22,0
0.695311,-2.45667,-2.23192,0,22,0
1.52064,-1.91201,-1.3291,0.13957,211,1
0.181291,-2.80341,-0.368464,0.13957,-211,1
0.541249,-2.3327,-1.14201,0,22,0
0.300484,-2.65657,-1.06315,0,22,0
0.0212192,-4.6377,2.51337,0.13957,211,1
0.0361825,-3.60616,-0.210301,0.13957,-211,1
0.675723,-5.96032,2.95745,0,22,0
0.327733,-5.23213,-2.3977,0,22,0
0.147689,-6.84995,2.17033,0.13957,211,1
0.829865,-5.55143,2.19525,0.13957,-211,1
0.561558,1.39233,-1.7755,0.13957,211,1
0.844906,1.49587,-2.10917,0.13957,-211,1
0.889421,1.6988,-1.77777,0.13957,211,1
0.172353,2.76284,-1.72848,0.13957,-211,1
0.0469219,0.954705,2.88671,0,22,0
0.174978,1.81507,-2.1136,0,22,0
1.06343,6.02541,-1.22103,0,22,0
0.107653,5.94134,-1.61351,0,22,0
1.67746,5.1729,-1.95556,0,22,0
0.639406,5.04266,-1.95624,0,22,0
0.265804,6.56463,0.898271,0.13957,211,1
0.2112,6.73849,2.19662,0.13957,-211,1
0.061209,2.09389,0.693712,0,22,0
0.0702199,3.83573,1.29956,0,22,0
0.102436,3.77632,1.19376,0,22,0
0.366118,3.73067,0.483417,0,22,0
0.483884,3.59065,1.54498,0.13957,211,1
0.0505905,3.28034,0.706633,0.13957,-211,1
0.042729,3.01494,0.112432,0,22,0
0.188172,4.40347,0.0250676,0,22,0
0.398418,2.94917,2.05066,0,22,0
0.159581,4.53981,0.676142,0,22,0
0.916704,-4.70069,-1.04341,0,22,0
0.0619498,2.66439,-1.95649,0,22,0
0.393652,2.91494,-2.80914,0,22,0
0.296467,-1.45999,2.80523,0.13957,211,1
0.827374,-0.660758,2.87665,0.13957,-211,1
0.0471563,-5.67981,-0.71219,0,22,0
0.375854,-5.35174,0.287794,0,22,0
0.203816,-4.64896,2.70776,0,22,0
0.158955,-4.99094,-2.89588,0,22,0
0.0806763,4.37415,-0.950761,0,22,0
0.731697,3.83268,-0.860059,0,22,0
0.00870988,-1.0817,-2.89415,0,22,0
0.0176565,3.68203,1.12182,0,22,0
0.974885,-3.77945,-1.77986,0.13957,211,1
0.223498,-4.61261,-1.70448,0.13957,-211,1
0.200765,-0.488777,-3.03998,0,22,0
0.0385776,0.316148,1.83879,0,22,0
0.14411,-0.957414,0.0980653,0,22,0
0.219466,-0.291366,0.440036,0,22,0
1.23615,-1.10755,0.984727,0,22,0
0.06838,-1.16736,0.520161,0,22,0
0.16186,-2.30783,-0.046296,0,22,0
0.104776,-1.46921,-0.627914,0,22,0
0.248908,-3.50782,-2.07874,0,22,0
0.0645264,-3.40384,3.08726,0,22,0
48.7291,1.88339,-2.0384,0,22,0
5.1596,1.87898,-2.04568,0,22,0
0.842302,1.70815,-1.9268,0,22,0
0.60426,1.79841,-1.76034,0,22,0
150.59,-1.81324,-3.0071,0,22,0
31.3562,-1.8119,-3.00567,0,22,0
0.731381,-1.54587,-3.07335,0,22,0
0.234826,-1.51936,2.88377,0,22,0
0.310027,0.680758,-1.6372,0,22,0
0.192221,0.663829,-2.19716,0,22,0
0.138987,2.3978,-0.22698,0,22,0
0.117818,3.2512,-0.817835,0,22,0
0.137865,3.64603,-1.09348,0,22,0
0.734737,3.82745,-1.47909,0,22,0
0.0773284,1.50493,-0.193238,0,22,0
0.0820328,2.91797,-0.931225,0,22,0
1.22979,-0.307571,2.58876,0,22,0
0.638446,-0.163997,2.63933,0,22,0
0.0277914,-0.89066,-0.560237,0,22,0
0.0949328,1.28316,-0.573564,0,22,0
0.391349,-1.28058,1.03967,0,22,0
0.0116978,-0.893132,-2.51983,0,22,0
0.0950203,-1.90507,1.87259,0,22,0
0.814237,-1.45962,1.68859,0,22,0
0.0663036,-2.76972,-2.20233,0,22,0
0.364832,-2.38537,-3.00028,0,22,0
0.0664389,-3.26922,-2.89273,0,22,0
0.869981,-2.84405,-2.52778,0,22,0
0.168341,-1.25117,-1.90695,0,22,0
0.445929,-1.71335,-1.74784,0,22,0
0.408272,-1.96305,-0.97372,0,22,0
0.188471,-1.52637,-1.18155,0,22,0
0.160279,-4.42505,2.62621,0,22,0
0.207788,-4.67641,-2.94676,0,22,0
0.0961151,-3.03993,-1.96066,0,22,0
0.0256387,-4.77592,1.87076,0,22,0
0.250487,2.06798,-1.24391,0,22,0
0.0801752,1.26952,-0.754187,0,22,0
0.724591,2.01381,-2.00269,0,22,0
0.475495,2.16668,-1.83081,0,22,0
0.0263244,2.55192,-2.41481,0,22,0
0.303911,2.74935,2.17816,0,22,0
0.182672,3.82023,-0.466033,0,22,0
0.120324,3.75271,0.476401,0,22,0
0.233659,5.74365,-1.37121,0,22,0
0.082836,6.09975,-0.435713,0,22,0
0.805483,5.39343,-0.998038,0,22,0
1.49128,5.46579,-0.898345,0,22,0
0.374309,4.30316,-1.87952,0.13957,211,1
0.23994,5.32459,-1.03079,0.13957,-211,1
0.224374,4.38499,2.57034,0.13957,211,1
0.456225,4.08466,1.23444,0.13957,-211,1
0.0829503,3.20311,2.30178,0,22,0
0.361889,3.96206,2.35427,0,22,0
0.095165,4.33348,-1.3053,0,22,0
0.10205,3.14344,-1.84536,0,22,0
0.021427,1.52763,2.26226,0,22,0
0.793352,2.23266,3.02477,0,22,0
0.5022,2.01119,3.08214,0,22,0
0.226343,2.23127,-2.86533,0,22,0
0.244424,1.34028,-2.33315,0,22,0
0.505693,1.44981,-2.70322,0,22,0
0.149742,-2.44835,3.10264,0,22,0
0.113954,-3.43122,-3.03419,0,22,0
0.175754,-2.5321,0.828997,0,22,0
0.129383,-1.70791,1.11743,0,22,0
0.221863,4.816,2.16655,0,22,0
0.166887,4.24539,1.76699,0,22,0
0.181505,4.39438,2.49917,0,22,0
0.0689485,3.28504,2.80655,0,22,0
0.440919,-5.64921,2.43014,0.13957,211,1
0.30033,-6.58362,2.98232,0.13957,-211,1
0.473637,2.82937,1.08634,0.13957,211,1
1.19894,2.38286,1.38379,0.13957,-211,1
0.209336,0.679143,-1.27817,0.13957,211,1
0.320434,-0.259341,0.0750818,0.13957,-211,1
0.158694,-0.56926,2.29621,0.13957,211,1
0.294752,-1.71193,-2.82285,0.13957,-211,1
1.03304,2.54195,-2.37548,0.49368,321,1
0.0826262,8.96977,1.74202,0,22,0
0.176443,8.43712,2.76552,0,22,0
0.397061,-5.0807,1.83389,0,22,0
0.346374,-4.97211,2.18304,0,22,0
0.224139,-4.52946,2.06212,0,22,0
0.0282234,-4.85123,-2.25198,0,22,0
0.385089,-5.03916,1.87665,0,22,0
0.332175,-4.72694,2.08717,0,22,0
0.14101,5.73903,0.917001,0,22,0
0.0912754,4.76865,0.27542,0,22,0
0.0497941,6.73268,2.60553,0,22,0
0.0843542,5.19077,-2.38535,0,22,0
0.112948,5.69332,0.962427,0,22,0
0.0577109,4.96488,2.65383,0,22,0
0.0721221,4.91444,1.99523,0,22,0
0.183869,5.10054,-3.05389,0,22,0
0.0354979,0.0661234,-0.707922,0,22,0
0.111332,1.16235,-2.97528,0,22,0
0.081903,-0.00967799,-2.31817,0,22,0
0.053608,-0.554431,1.2191,0,22,0
0.061813,-3.44931,1.10255,0,22,0
0.0715545,-3.94153,-1.67946,0,22,0
0.759139,1.84976,-1.46736,0,22,0
0.0519248,2.46563,-1.20053,0,22,0
2.90191,1.77284,-1.35934,0.49761,130,0
3.08003,-1.83355,-2.96073,0,22,0
3.00216,-1.7975,-2.98662,0,22,0
1.85984,-1.79653,-2.95452,0,22,0
0.595519,-1.75899,-3.07724,0,22,0
0.669954,-1.75561,-2.95725,0,22,0
0.941529,-1.90833,-3.03152,0,22,0
1.77647,-1.86301,-3.00295,0,22,0
3.45711,-1.85611,-2.94892,0,22,0
0.311683,-1.99528,-2.98839,0,22,0
0.747102,-1.88786,3.03582,0,22,0
0.456363,-0.557239,-2.27634,0,22,0
0.251517,-0.796836,-2.59557,0,22,0
0.0722858,-1.61436,-2.21747,0,22,0
0.122568,-0.283253,-2.30114,0,22,0
0.0263723,-1.77786,-1.52689,0,22,0
0.431606,-0.916882,-2.46194,0,22,0
0.569892,-0.847222,-2.7343,0,22,0
0.241036,-1.20529,-2.78954,0,22,0
0.249778,-0.541142,-2.89845,0,22,0
0.239128,-0.729501,-2.37335,0,22,0
0.163447,0.201255,0.316935,0,22,0
0.878311,-0.0485189,0.0628696,0,22,0
0.457785,-0.0100106,0.433006,0,22,0
0.228635,0.404064,0.445381,0,22,0
0.485373,0.026678,0.300551,0,22,0
0.0144524,0.920162,-1.14212,0,22,0
1.25289,0.087276,0.191744,0,22,0
6.89478,0.0446111,0.208732,0,22,0
60.6976,0.0911873,0.718753,0.13957,211,1
0.425025,0.483134,-1.76434,0.13957,211,1
0.600476,0.639198,0.0511763,0.13957,-211,1
0.635932,-1.59869,1.56884,0,22,0
0.43571,-1.65806,1.81895,0,22,0
0.198346,-1.79561,1.57555,0,22,0
0.900647,-1.48312,1.51603,0,22,0
0.264143,-1.4537,1.44846,0,22,0
0.0161986,-2.99616,0.199038,0,22,0
0.120263,-3.99145,-0.0386387,0,22,0
0.36168,-3.57238,0.457,0,22,0
0.0310203,-4.36389,1.00089,0,22,0
0.192762,-5.89731,1.44868,0,22,0
0.389655,2.13148,-2.35965,0,22,0
0.183137,1.86765,-1.92577,0,22,0
0.80768,1.80062,-1.88895,0,22,0
0.411512,1.85486,-1.66069,0,22,0
0.711102,1.90809,-1.77851,0,22,0
0.118548,2.26478,-2.07548,0,22,0
0.0240982,1.32641,1.65064,0,22,0
0.184354,1.7712,-1.80853,0,22,0
0.233078,6.39181,-1.80287,0,22,0
0.0553911,5.30589,-2.13829,0,22,0
0.231565,6.32475,-2.38644,0,22,0
0.210985,6.41349,-3.00021,0,22,0
0.140388,6.59376,-3.05338,0,22,0
0.171349,6.34166,-2.19444,0,22,0
0.129147,5.58062,-2.07242,0,22,0
0.0806279,6.68437,-1.42671,0,22,0
0.045852,3.84083,-1.24348,0,22,0
0.0942278,4.41452,1.54808,0,22,0
0.1552,-5.62473,-1.1636,0,22,0
1.12559,-5.34508,-1.0035,0,22,0
0.0478857,-4.78387,-1.93504,0,22,0
0.0639818,-3.40177,0.663628,0,22,0
0.43348,-4.29032,-0.535028,0,22,0
0.00994978,-4.90918,3.02315,0,22,0
0.0788463,-4.64055,0.976232,0,22,0
0.0570115,-4.12061,-1.68829,0,22,0
0.199495,-8.22738,1.52246,0,22,0
0.0433517,-8.87899,0.119014,0,22,0
0.0973971,-6.6654,-2.01041,0,22,0
0.0379821,-8.55029,-1.57388,0,22,0
0.481646,-3.83564,-0.912954,0,22,0
0.179891,-3.58876,-0.52448,0,22,0
0.636968,-3.14107,-1.01377,0,22,0
0.0288008,-3.94724,-0.4521,0,22,0
1.4902,0.0469253,0.677245,0,22,0
0.74767,-0.0179995,0.787464,0,22,0
2.26343,0.0383934,0.557903,0,22,0
0.294755,0.00465187,0.395953,0,22,0
0.0814777,1.11913,-2.42093,0,22,0
0.078852,1.51432,-0.504456,0,22,0
0.421023,1.8327,-3.04668,0,22,0
0.0920343,2.49866,3.13619,0,22,0
1.16662,1.78956,-1.26401,0.49368,-321,1
0.213298,2.79865,-1.87856,0.13957,211,1
6.73453,0.0794203,0.186477,0.13957,-211,1
42.4007,0.0823769,0.163541,0.13957,211,1
23.7958,0.0583971,0.171282,0.49761,130,0
6.09993,0.0419097,0.185856,0.13957,211,1
3.92524,0.0481183,0.119234,0.13957,-211,1
9.53072,0.0574648,0.710452,0.49368,321,1
25.9509,0.0866801,0.714387,0.13957,-211,1
8.17286,0.0727001,0.728503,0.13957,211,1
2.18267,0.112242,0.711965,0.13957,-211,1
11.567,0.0864208,0.708226,0.13957,211,1
6.66393,0.105758,0.65535,0.13957,-211,1
0.133043,2.40021,-2.07207,0,22,0
0.177229,1.58686,-1.79942,0,22,0
0.195119,1.88742,-2.3479,0,22,0
0.704761,1.85082,-1.98374,0,22,0
0.652635,1.68604,-1.94932,0,22,0
0.310919,1.69502,-1.64868,0,22,0
31.538,0.0680111,0.17613,0.49368,321,1
3.96346,0.0787012,0.124551,0.13957,-211,1
34.0184,0.0650409,0.174764,0.13957,211,1
3.40286,0.039781,0.219748,0.13957,-211,1
5.70518,0.0791535,0.205169,0,22,0
3.79154,0.0638842,0.180488,0,22,0
14.003,0.0273494,0.711535,0,22,0
2.30657,0.00370872,0.709258,0,22,0
0.54929,0.228701,0.761788,0,22,0
19.4857,0.0666933,0.720099,0,22,0
4.40586,0.0832749,0.698483,0,22,0
2.44255,0.044073,0.685991,0,22,0
32.0696,0.0968675,0.162246,0.13957,211,1
10.1231,0.0802793,0.149665,0.13957,-211,1
131.575.

1.45329,2.0197,-0.505894,0.13957,-211,1
0.261074,1.78826,-2.21739,0.13957,211,1
3.63644,1.77397,-3.12453,0.13957,-211,1
0.520367,1.42363,1.65987,0.13957,211,1
0.0528951,6.9791,1.86896,0.93957,-2112,0
1.78242,0.853893,2.85622,0.93957,2112,0
1.06068,1.20534,2.08046,0.93827,-2212,1
1.65136,0.261252,1.65295,0.93827,2212,1
0.799725,0.405428,1.38665,0.93957,-2112,0
0.70727,-0.696321,0.435005,0.49368,-321,1
2.58724,-0.913945,1.29037,0.13957,211,1
2.26621,-2.15548,1.03987,0.49368,-321,1
0.253445,2.61305,2.80031,0.13957,-211,1
0.304188,3.56301,2.07064,0.13957,211,1
0.484563,2.55148,0.501578,0.13957,211,1
2.24172,-5.00651,1.13609,0.49368,321,1
0.622766,-4.61535,1.02943,0.13957,-211,1
0.0585197,-7.01825,-1.37215,0.49368,321,1
1.31591,-0.966982,0.755678,0.13957,-211,1
0.477449,-0.548018,0.00493953,0.13957,211,1
0.817194,-1.67537,0.356505,0.49368,321,1
0.356503,-1.92331,-1.95926,0.13957,211,1
0.876261,-2.46045,2.51089,0.49368,-321,1
1.65931,-2.77962,-2.76294,0.49368,321,1
0.114689,-3.48149,-0.683488,0.49368,-321,1
0.573429,-3.62601,-2.98743,0.49368,321,1
0.32584,-3.41409,-1.36628,0.49368,-321,1
1.28358,-4.05672,0.793943,0.13957,211,1
0.252467,-5.31956,-0.26604,0.13957,-211,1
0.508554,-4.33573,1.89055,0.13957,211,1
1.04318,-5.89565,-0.873508,0.13957,-211,1
0.194555,0.58007,0.0448335,0.49368,-321,1
1.12929,1.19528,0.0171391,0.13957,211,1
0.843067,1.45699,0.67859,0.13957,-211,1
0.678219,1.31509,-1.56043,0.13957,211,1
0.0950858,3.47568,0.109683,0.13957,211,1
1.15116,2.33982,-0.872042,0.93957,2112,0
0.332563,4.67267,-0.744243,0.49368,321,1
0.334001,-3.61789,2.73213,0.13957,-211,1
0.750455,-3.91397,-1.60093,0.13957,-211,1
0.456305,-3.65851,-1.71825,0.13957,211,1
0.314964,-5.0432,-1.57213,0.13957,211,1
0.447484,-3.24804,0.950067,0.13957,-211,1
0.171322,-3.43919,1.919,0.13957,211,1
0.461081,-2.50315,2.59993,0.13957,-211,1
0.55436,-2.11961,0.630629,0.13957,211,1
0.975449,-1.0786,1.5121,0.93957,2112,0
0.525954,-0.912541,2.78414,0.93827,-2212,1
2.18538,0.444694,-2.1766,0.13957,211,1
5.39972,0.472604,-2.29826,0.13957,-211,1
4.17355,0.849215,-1.69216,0.49368,-321,1
5.99895,0.926434,-1.74947,0.13957,211,1
0.356026,1.41086,-2.92939,0.13957,-211,1
9.12504,0.877127,-2.20347,0.13957,211,1
14.6887,0.847375,-2.41876,0.13957,-211,1
0.477471,6.41888,-2.01235,0.93827,2212,1
0.455963,5.71939,-2.15418,0.93827,-2212,1
0.947228,4.31042,1.68002,0.49368,321,1
13.2622,2.98487,2.7488,0.13957,-211,1
1.20402,2.68571,2.67891,0.13957,211,1
1.66883,2.88944,2.40252,0.13957,-211,1
8.01052,2.79454,2.54519,0.93827,2212,1
11.6936,2.75111,2.50411,0.93827,-2212,1
9.14698,2.7403,2.52782,0.49368,321,1
15.5631,0.300696,0.374957,0.49368,-321,1
3.30309,0.462628,0.296472,0.13957,211,1
0.50836,4.41775,-0.919962,0.13957,-211,1
1.05434,5.19285,-0.0658712,0.13957,211,1
1.60336,5.94308,-1.62984,0.13957,-211,1
0.0686482,6.40382,0.323817,0.13957,211,1
0.749518,5.72327,0.690576,0.13957,211,1
0.335818,5.96913,-1.62165,0.13957,-211,1
0.229982,6.23686,3.00284,0.13957,211,1
0.442851,5.10992,0.562663,0.13957,-211,1
0.283722,3.09829,1.92916,0.13957,211,1
0.238497,3.10944,0.133774,0.13957,-211,1
0.659833,0.0939287,0.143239,0.13957,-211,1
0.50247,-5.13863,2.34344,0.93827,2212,1
0.228812,-4.64705,-2.41026,0.49368,-321,1
0.85024,2.82404,-1.16984,0.13957,-211,1
1.2115,0.832605,-2.205,0.13957,211,1
0.148009,0.557935,1.50758,0.13957,-211,1
0.602314,1.60889,-1.32628,0.93957,2112,0
0.509043,-1.35529,-1.83236,0.13957,211,1
1.90795,-0.956688,-1.89264,0.49368,321,1
0.871575,-1.19585,-1.33885,0.13957,-211,1
4.26116,-1.08153,-2.09969,0.13957,211,1
1.66971,-0.486328,-2.47283,0.13957,211,1
1.02831,-1.02504,-2.12428,0.13957,-211,1
1.02525,-0.978281,-2.41341,0.13957,211,1
1.41091,-0.680985,-2.8304,0.13957,-211,1
1.32284,-0.782821,-2.43421,0.13957,211,1
0.981872,-0.822104,-2.89764,0.13957,-211,1
1.65779,-1.52157,-2.5961,0.93827,2212,1
0.927718,-1.33296,-3.11036,0.13957,-211,1
1.13096,-1.89386,3.09711,0.13957,211,1
4.81637,-2.28125,3.03066,0.49368,-321,1
1.33524,-2.72184,-0.248381,0.93957,-2112,0
0.674527,-1.10381,-1.89869,0.13957,211,1
0.699179,3.07433,-2.05136,0.93827,2212,1
0.232084,1.80998,1.39483,0.13957,211,1
0.245984,-3.66786,-1.98688,0.13957,211,1
0.182821,-6.48093,2.31677,0.13957,-211,1
0.535202,-6.83226,2.25772,0.93827,2212,1
0.907838,-6.13864,1.2412,0.93957,-2112,0
0.418189,-6.48311,2.56649,0.13957,-211,1
0.244219,-6.07201,1.66654,0.13957,211,1
0.602533,-3.84622,1.83109,0.13957,-211,1
0.553014,-2.70586,2.75889,0.13957,211,1
0.370002,2.82079,-0.389297,0.13957,-211,1
0.138231,5.41598,-2.05147,0.49368,-321,1
0.542967,5.39212,0.742448,0.49368,321,1
0.129732,5.0582,2.37532,0.13957,211,1
1.27951,5.01753,0.761452,0.13957,211,1
0.586372,2.91917,-0.36114,0.13957,-211,1
0.401295,-2.95177,-2.37123,0.13957,-211,1
1.01486,4.54473,2.77931,0.13957,211,1
0.206892,3.16244,-2.57008,0.13957,-211,1
0.398824,4.19631,1.62733,0.49368,321,1
0.422741,3.76098,-3.05802,0.49368,-321,1
0.109005,-3.31385,1.9319,0.93827,-2212,1
0.336615,-7.58073,-1.26509,0.13957,-211,1
2.74452,1.51126,2.95277,0.13957,211,1
0.327695,5.6907,-0.0416092,0.93827,2212,1
0.958507,3.57376,-0.900575,0.13957,-211,1
0.767508,3.83184,-1.7199,0.13957,211,1
1.04385,3.51822,-0.92924,0.13957,-211,1
0.695938,4.05731,-0.280425,0.13957,211,1
0.536499,2.03189,2.06553,0.49368,-321,1
0.910537,1.47443,2.35175,0.13957,211,1
1.38708,-1.25127,0.853101,0.49761,130,0
0.888315,-2.31584,0.951138,0.13957,211,1
0.121039,-2.78217,0.808986,0.49761,130,0
1.02236,2.96741,-2.31087,0.49368,-321,1
1.36806,3.4153,2.99064,0.13957,211,1
1.87467,3.26998,2.60406,0.13957,211,1
0.403597,2.84143,2.0287,0.13957,-211,1
1.66653,2.97428,2.78202,0.93957,2112,0
0.866121,3.33857,3.12627,0.13957,-211,1
0.834931,2.48576,-2.154,0.93957,-2112,0
0.425798,2.65321,-1.87625,0.13957,211,1
1.14533,2.91558,-1.70972,0.49761,130,0
0.203918,4.21681,1.37558,0.49368,-321,1
0.257013,1.75831,-0.958871,0.13957,-211,1
0.472802,-2.07202,-0.31919,0.49368,321,1
0.639847,-4.29975,1.65843,0.13957,211,1
0.155395,-4.94478,0.484498,0.13957,-211,1
0.119208,-3.29667,1.83934,0.13957,-211,1
0.732715,-1.05837,1.77963,0.49368,-321,1
0.181657,-0.974201,-0.83373,0.13957,211,1
0.183997,-1.92736,1.39549,0.13957,-211,1
0.597744,-2.4606,2.50479,0.13957,211,1
0.703555,-1.60001,2.04615,0.13957,-211,1
0.541512,-5.09578,1.46939,0.13957,211,1
0.388923,-4.46207,-0.207406,0.13957,-211,1
0.962921,-1.12876,-1.77432,0.49761,130,0
1.181,-0.518774,-1.56316,0.13957,211,1
0.531161,0.00700295,-0.919596,0.13957,-211,1
0.594781,-0.0749922,-1.16935,0.49761,130,0
0.654163,0.453667,-0.241017,0.13957,211,1
0.399108,0.0312666,-1.69789,0.13957,-211,1
0.916857,0.628316,-0.0993241,0.13957,211,1
1.30528,0.674119,-0.675628,0.13957,-211,1
2.44325,0.976683,-0.89391,0.13957,-211,1
1.87247,1.66624,-1.18526,0.13957,211,1
0.468762,1.34319,-0.319015,0.13957,-211,1
0.137538,-4.73076,1.70106,0.13957,211,1
0.390962,-5.23064,-1.30557,0.49761,130,0
0.342085,-3.89034,-1.13836,0.13957,-211,1
0.335771,-5.09324,0.285896,0.13957,211,1
0.732547,-4.51997,-1.95234,0.13957,-211,1
0.264941,-5.43903,3.03406,0.13957,211,1
1.46427,-4.90304,-2.13876,0.13957,-211,1
0.462532,-3.28909,-1.25315,0.13957,211,1
0.376437,-2.53143,0.193544,0.13957,-211,1
0.15095,-3.61857,-1.97393,0.13957,211,1
0.452072,-2.43342,0.784377,0.13957,-211,1
0.241,-2.01471,-1.73965,0.13957,211,1
0.693221,-2.31321,1.43266,0.13957,-211,1
1.01992,-2.49547,1.61822,0.13957,211,1
0.260709,-2.32187,-0.29054,0.13957,-211,1
0.0682172,-3.57784,1.91148,0.13957,-211,1
0.446379,-1.46919,2.44807,0.13957,211,1
3.5925,0.589527,-2.0594,0.13957,211,1
0.696899,0.471044,-2.38952,0.13957,-211,1
1.6544,0.752512,-1.73149,0.13957,211,1
8.35638,0.725048,-2.28547,0.49761,130,0
5.50182,0.838494,-2.28475,0.49368,-321,1
13.2405,0.804767,-2.37665,0.13957,211,1
39.2436,0.803997,-2.43787,0.13957,211,1
9.16236,0.819886,-2.39443,0.13957,-211,1
2.86052,2.9774,2.6637,0.13957,-211,1
1.65592,3.07154,2.91611,0.13957,211,1
2.3549,0.213421,0.278149,0.13957,211,1
10.1947,0.246677,0.422219,0.13957,-211,1
0.178619,6.01801,-1.10102,0.49761,130,0
1.29507,4.41995,-0.930639,0.49761,130,0
0.0328284,5.96405,-1.99881,0.13957,-211,1
0.744682,5.80966,-1.18953,0.13957,211,1
0.243496,6.66059,0.531216,0.13957,-211,1
0.476638,3.67314,1.0923,0.49368,321,1
1.19857,3.22559,1.13108,0.13957,-211,1
0.407086,1.5956,1.80632,0.13957,211,1
1.05407,2.32799,0.968635,0.13957,-211,1
1.09468,1.97363,0.948895,0.93827,2212,1
0.359313,0.930782,0.678295,0.13957,211,1
0.201229,1.53792,-2.47826,0.13957,-211,1
0.59923,0.890895,0.921958,0.93957,-2112,0
2.09838,0.0263078,0.044252,0.49368,321,1
0.476182,-2.47698,-2.38129,0.13957,211,1
0.207629,-3.34398,0.554517,0.13957,-211,1
0.0408454,-2.42239,2.51778,0.13957,211,1
0.138517,-2.11816,2.25851,0.13957,-211,1
0.11495,2.70223,-1.75973,0.13957,211,1
0.347824,-0.137707,-1.65029,0.13957,-211,1
0.714049,2.28482,-2.08349,0.13957,211,1
0.495895,3.5396,-1.23628,0.13957,-211,1
2.22518,2.83781,-1.8592,0.49761,130,0
1.36424,0.498531,-2.62565,0.13957,211,1
0.686343,1.07181,-2.89895,0.13957,-211,1
0.329263,0.865395,-3.01602,0.13957,211,1
0.281615,2.50988,-1.59771,0.13957,-211,1
0.515038,0.587636,-2.52801,0.13957,211,1
0.388816,1.58099,-2.96389,0.13957,-211,1
0.455954,1.84127,3.13644,0.13957,211,1
0.596249,0.114888,-2.09793,0.93827,-2212,1
1.24842,-1.01986,-2.26268,0.13957,-211,1
5.13292,-0.981349,-2.15696,0.49761,130,0
5.5897,-0.765217,-2.0323,0.13957,211,1
1.01312,-1.01883,-1.84624,0.13957,-211,1
1.77976,-1.05924,-2.31932,0.13957,-211,1
0.183438,1.07404,2.23294,0.49368,-321,1
2.81035,-2.18675,-2.96548,0.49761,130,0
0.482292,-2.25266,2.30108,0.13957,211,1
0.431755,-2.89176,-0.323074,0.93957,2112,0
0.333841,-2.29269,-0.921585,0.13957,-211,1
0.228518,-3.12111,2.62333,0.13957,211,1
1.33604,-1.53971,-0.484894,0.49761,130,0
0.757448,-2.0306,0.069713,0.13957,-211,1
0.148342,0.444728,2.71368,0.13957,-211,1
0.301126,4.48191,0.772657,0.93957,2112,0
0.33941,2.31879,2.40064,0.13957,-211,1
0.948305,3.14177,-2.54852,0.13957,211,1
0.33729,3.56819,-1.43097,0.13957,-211,1
0.0436672,5.53729,1.07544,0.93957,-2112,0
0.0333066,-5.03703,3.1168,0.49761,130,0
1.39663,-3.37828,-1.97021,0.13957,-211,1
1.27869,-2.9646,-1.86935,0.13957,211,1
0.122619,-4.92218,-1.6205,0.13957,-211,1
0.0967968,-3.78125,2.45604,0.13957,211,1
0.0875268,-4.07717,-0.56515,0.13957,211,1
0.392631,-2.10175,-1.80427,0.13957,-211,1
0.969906,-2.32969,-2.12151,0.13957,-211,1
0.137501,-4.37843,0.988326,0.49761,130,0
0.239394,-3.1998,-0.635509,0.49368,-321,1
0.176581,1.47199,0.643332,0.13957,211,1
0.783308,0.310428,2.23129,0.13957,-211,1
0.523346,0.950576,-1.99848,0.49368,321,1
0.0441344,3.23254,2.32621,0.13957,211,1
0.248001,4.94334,-0.521787,0.13957,-211,1
0.459552,5.28767,-2.77349,0.13957,-211,1
0.35525,6.40999,-2.85118,0.13957,211,1
0.524624,6.81026,-0.407682,0.13957,-211,1
0.444312,1.78851,0.651638,0.13957,211,1
0.132738,2.00524,0.0266345,0.13957,-211,1
0.122089,-3.58585,-0.372573,0.93827,2212,1
0.172232,-2.72795,2.08132,0.13957,211,1
0.174055,-3.13889,-1.18887,0.13957,-211,1
0.297106,1.90018,0.121148,0.13957,211,1
0.684878,1.79923,-2.07058,0.13957,-211,1
0.200403,2.26394,-2.12967,0.93827,2212,1
0.0893144,-3.5508,-1.98933,0.13957,211,1
0.571083,-2.00768,1.97081,0.13957,-211,1
0.611592,-6.56287,-3.05052,0.13957,211,1
0.214505,-7.62113,-1.57189,0.13957,211,1
0.583237,-7.39036,1.14675,0.13957,-211,1
1.7458,1.61138,3.09408,0.49761,130,0
0.681756,3.79732,-0.975037,0.49761,130,0
1.1681,4.62097,0.397458,0.49761,130,0
0.634457,-1.04118,-2.06834,0.49761,130,0
0.337205,6.14355,-2.73804,0.49761,130,0
0.129691,1.30128,1.86464,0.13957,211,1
0.642592,0.70057,2.96636,0.13957,-211,1
0.281443,2.09779,2.93818,0,22,0
1.01847,2.98868,2.48771,0,22,0
2.80443,2.10621,-3.10421,0,22,0
0.15749,2.25401,2.34396,0,22,0
1.32567,-0.222866,-2.98478,0.93827,2212,1
1.50079,1.04943,-2.47251,0.93957,-2112,0
0.463145,1.04258,-1.95302,0.13957,-211,1
0.0732448,1.55231,-1.18487,0,22,0
0.417727,0.836238,-0.938418,0,22,0
0.2877,4.96168,-0.500638,0,22,0
0.152974,4.36476,-2.03064,0,22,0
0.265488,4.67134,-1.42662,0,22,0
0.0388776,1.10285,-0.0692858,0,22,0
0.172855,0.748091,1.79783,0,22,0
0.485307,0.89504,2.4432,0.13957,211,1
0.423185,-0.0125324,2.77214,0.13957,-211,1
0.253121,-1.94921,0.642896,0,22,0
0.269357,-1.78901,1.13942,0,22,0
0.150542,-2.7154,0.690504,0.13957,211,1
0.424631,-1.99483,0.879467,0.13957,-211,1
0.767489,-2.09421,0.699904,0,22,0
0.191493,-2.17832,1.04348,0,22,0
0.513739,2.807,2.24624,0.13957,211,1
0.451604,2.91919,2.7922,0.13957,-211,1
0.242391,2.70487,1.7825,0,22,0
0.297164,3.16346,-1.78109,0,22,0
0.929371,2.38536,-2.4653,0,22,0
1.33797,2.60946,-2.25016,0,22,0
0.6103,2.46951,-2.19825,0,22,0
0.301673,3.42713,-3.01181,0,22,0
0.550786,3.5645,-2.70941,0,22,0
0.479883,2.38851,-2.79532,0,22,0
0.613126,2.63669,-2.79188,0,22,0
0.778961,2.03106,-1.38971,0,22,0
0.784929,2.0424,-1.56218,0,22,0
2.40329,1.96425,-1.75328,0,22,0
0.171795,1.87734,-1.94481,0,22,0
0.303882,-2.07999,-2.17711,0.13957,211,1
0.117718,-2.99053,2.79617,0.13957,-211,1
2.00849,-1.11333,0.176104,0,22,0
0.201499,-1.03497,0.373594,0,22,0
0.0491856,-0.687279,-1.42268,0,22,0
0.329366,-1.18416,-0.450716,0,22,0
0.354798,-1.99041,2.10553,0.13957,211,1
0.702451,-1.97326,2.57908,0.13957,-211,1
0.0678428,-2.98419,0.187152,0,22,0
0.254126,-3.97044,0.135835,0,22,0
0.14742,0.780179,-2.3006,0,22,0
0.0826989,0.744802,1.32159,0.13957,211,1
0.0734955,-0.253345,0.324416,0.13957,-211,1
0.220178,-0.0197396,-0.599517,0.13957,211,1
0.24878,0.401262,-1.61235,0.13957,-211,1
0.329251,0.51076,0.543318,0,22,0
0.604468,0.812154,0.539129,0,22,0
1.2943,0.915896,-0.845452,0,22,0
1.1456,0.969499,-0.748389,0,22,0
0.913452,0.518289,-0.76029,0,22,0
0.0938198,0.285908,-0.35968,0,22,0
0.511476,1.06906,-0.923972,0,22,0
1.06686,1.10159,-1.10402,0,22,0
2.40569,2.83146,-1.4122,0.93827,-2212,1
0.119361,-4.11991,-2.98717,0.13957,211,1
0.367305,-4.69727,-2.48353,0,22,0
1.25204,-4.18839,-3.11701,0,22,0
0.807559,-4.55951,-2.54649,0,22,0
1.75067,-4.45578,-2.50048,0,22,0
1.32331,-4.81595,-1.71636,0,22,0
0.111364,-4.57378,-1.46131,0,22,0
0.216191,-2.99029,-1.2737,0.13957,211,1
0.15711,-4.49807,-1.62746,0.13957,-211,1
0.242115,-2.36616,0.650908,0,22,0
0.530331,-2.72946,0.74288,0,22,0
0.0348176,-3.81159,0.614442,0,22,0
0.281833,-3.5352,2.07494,0,22,0
0.00817744,-1.54848,-2.81467,0,22,0
0.412017,-2.74291,-0.120571,0,22,0
0.231865,-1.35278,-2.81385,0,22,0
0.0631783,-2.01792,-1.89609,0,22,0
0.0183677,-3.0207,2.15693,0,22,0
1.12654,-2.31667,2.76983,0,22,0
0.385236,-1.15636,2.31418,0.13957,211,1
0.298647,-0.305384,2.22346,0.13957,-211,1
0.7727,-1.10609,2.4404,0,22,0
2.04161,-1.00832,2.48494,0,22,0
0.531717,0.592812,-2.09429,0.13957,211,1
3.28162,0.571497,-2.1292,0.13957,-211,1
4.46466,0.527951,-2.12916,0.93957,2112,0
0.276608,0.684885,-2.45233,0,22,0
0.236073,0.750596,-1.91196,0,22,0
0.833204,0.609749,-2.18252,0,22,0
0.0470361,0.892922,-2.60167,0,22,0
1.71642,0.503777,-2.33193,0,22,0
2.63598,0.701932,-1.38684,0,22,0
0.594767,0.903588,-1.77744,0,22,0
0.184183,0.906944,-1.92512,0.13957,211,1
1.24621,1.21678,-1.70273,0.13957,-211,1
3.46191,0.817579,-2.18267,0,22,0
4.90372,0.848365,-2.17148,0,22,0
1.89843,0.637053,-2.18292,0,22,0
0.19596,0.422213,-2.23432,0,22,0
0.300201,0.801702,-2.46878,0,22,0
6.10927,0.812295,-2.36963,0,22,0
44.4565,0.802733,-2.42878,0.13957,211,1
66.8254,0.805752,-2.43092,0.13957,-211,1
0.295814,8.27227,-1.59549,0.13957,211,1
0.147924,7.95235,-1.98664,0.13957,-211,1
51.0682,0.239725,0.400651,0.000511,11,1
4.3467,0.337014,0.36561,0.13957,211,1
3.01384,0.247278,0.388584,0.13957,-211,1
0.563379,0.793706,0.3429,0.13957,211,1
1.9143,0.775773,0.665613,0.13957,-211,1
0.112827,0.384076,0.895558,0,22,0
5.04802,0.338701,0.56319,0,22,0
2.93184,0.373676,0.560422,0,22,0
2.35097,0.670456,0.527493,0,22,0
53.2549,0.497356,0.762685,0.13957,211,1
44.3404,0.504177,0.772752,0.13957,211,1
147.858,0.507203,0.775386,0.13957,-211,1
0.597549,5.67701,-1.98616,0,22,0
0.387129,5.51985,-2.21909,0,22,0
0.56872,5.08737,0.320744,0,22,0
0.210878,4.29643,1.01205,0.13957,211,1
0.154799,1.64739,1.36492,0,22,0
0.995965,2.94872,1.34441,0,22,0
0.325854,1.75236,1.21603,0,22,0
0.0207899,3.13046,1.91579,0,22,0
0.402229,2.35954,0.706967,0,22,0
0.246392,2.77746,0.788401,0,22,0
0.0938132,1.51872,1.22842,0,22,0
0.156415,0.462169,1.36102,0,22,0
1.55058,0.1037,0.286258,0,22,0
0.220066,0.865529,-0.239964,0,22,0
0.450254,-5.39343,-2.40129,0.93957,-2112,0
0.100191,-0.98248,0.753113,0,22,0
0.761013,-1.28301,1.14018,0,22,0
0.239753,-0.215403,1.3558,0,22,0
0.04753,-0.241975,-0.0126907,0,22,0
0.405164,1.99837,-1.95042,0.13957,211,1
0.599206,2.03979,-2.48305,0.13957,-211,1
0.318933,3.61664,-0.486514,0.13957,211,1
0.0972903,4.19502,-0.71154,0.13957,-211,1
0.716356,-0.0606961,-3.00545,0,22,0
0.565144,0.0118398,-2.80577,0,22,0
3.13213,-0.953473,-2.74429,0,22,0
0.469347,-1.05476,-2.7904,0,22,0
0.856667,-2.07754,-2.85068,0,22,0
0.474525,-2.84425,3.0827,0,22,0
1.78814,-2.43821,2.92507,0.49761,130,0
0.156492,-2.98427,-1.88411,0,22,0
0.0366874,-2.09973,-0.143163,0,22,0
0.220186,2.50732,-0.225303,0,22,0
0.0384262,3.81208,0.220346,0,22,0
0.206126,-4.00598,1.80966,0,22,0
0.106357,-3.52777,-0.228503,0,22,0
0.0372572,-2.00687,1.24368,0,22,0
0.395015,-6.36173,2.63884,0,22,0
0.198181,-5.90965,2.79666,0,22,0
0.278006,-5.01518,2.58215,0,22,0
0.00400002,-7.90832,3.11645,0,22,0
0.402552,-3.8353,-2.56242,0.13957,211,1
0.18107,-4.35717,2.08431,0.13957,-211,1
0.912768,-3.06508,-2.34102,0.13957,211,1
0.751157,-3.44942,-2.54148,0.13957,-211,1
0.164124,-1.37439,3.13932,0,22,0
0.0699394,-0.902613,1.89398,0,22,0
0.265104,-2.88836,-1.17741,0,22,0
1.30818,-2.71715,-1.3297,0,22,0
0.160252,-4.14785,2.84436,0.13957,211,1
0.304127,-2.98448,0.846592,0.13957,-211,1
0.313488,-5.35748,-2.37789,0.13957,211,1
0.274502,-5.01921,2.90914,0.13957,-211,1
0.131017,-3.00422,-1.59402,0,22,0
0.489978,-3.12161,-1.06836,0,22,0
0.306035,5.64598,2.27461,0,22,0
0.163889,5.22575,2.70699,0,22,0
0.212837,3.82016,0.834804,0.13957,211,1
0.349964,2.83791,2.53498,0.13957,-211,1
0.156997,1.72436,-2.99778,0,22,0
0.246585,2.31167,2.94365,0,22,0
0.018763,0.834844,3.08272,0,22,0
0.321348,1.21845,-1.17808,0,22,0
0.102897,-1.40055,2.52123,0,22,0
0.00682655,-4.583,-0.158741,0,22,0
0.590242,-0.785984,2.50721,0,22,0
0.291362,0.362484,-1.00626,0,22,0
0.200737,-1.51621,3.03572,0.13957,211,1
0.115014,-0.939112,1.94068,0.13957,-211,1
0.0767632,0.198536,-0.565081,0,22,0
0.100765,-6.77042,2.12843,0.13957,211,1
0.21162,-5.49153,-0.0974841,0.13957,-211,1
0.253894,-7.73618,1.1444,0.13957,211,1
0.259464,-7.33749,0.257227,0.13957,-211,1
2.58974,4.23254,3.06808,0,22,0
0.466318,4.32916,2.99228,0,22,0
0.151387,0.726585,-0.50913,0,22,0
0.117492,-2.18754,0.123768,0,22,0
0.12785,0.665374,2.6283,0,22,0
0.0341736,1.24674,-0.0887839,0,22,0
0.329827,-3.4569,-0.560465,0.13957,211,1
0.115848,-4.98613,2.23387,0.13957,-211,1
0.0864558,-6.46406,1.60854,0.13957,211,1
0.34197,-4.77012,-1.01801,0.13957,-211,1
0.0321362,6.08905,2.94636,0,22,0
0.152442,5.31975,0.794684,0,22,0
0.117779,4.99694,-1.41214,0,22,0
0.379249,4.68177,-1.97424,0,22,0
0.310221,-1.64431,1.48532,0,22,0
0.395873,-1.29655,1.32329,0,22,0
0.0427135,2.98314,-2.04305,0,22,0
0.491451,3.3917,-2.90539,0,22,0
0.117839,2.63627,2.50111,0,22,0
0.151357,1.75021,2.06917,0,22,0
0.235236,4.41752,2.82145,0,22,0
0.0198541,5.75278,-1.97252,0,22,0
1.26542,1.91946,-2.22316,0,22,0
0.429119,1.80506,-2.36628,0,22,0
0.00361961,-4.15795,2.57447,0,22,0
0.278197,-1.23353,-2.43401,0,22,0
0.263429,-4.75911,0.7466,0,22,0
0.285812,-4.82055,0.25355,0,22,0
0.222207,-2.96003,2.01994,0,22,0
0.127798,-2.54151,1.32497,0,22,0
0.363107,-1.73005,-0.0698406,0,22,0
0.424797,-1.47532,-0.300309,0,22,0
0.561877,-1.72775,2.37025,0,22,0
0.499432,-1.48056,2.31101,0,22,0
0.36712,-2.30244,-3.06726,0,22,0
0.374792,-2.63903,-2.93281,0,22,0
0.613066,-0.883995,-2.8702,0.13957,211,1
0.295025,-1.0001,-1.89343,0.13957,-211,1
0.210461,1.00734,-1.18776,0,22,0
0.0884116,1.95738,-1.26918,0,22,0
0.468875,1.1193,0.0817231,0,22,0
0.00460749,3.345,-1.00303,0,22,0
0.0856938,0.468798,-2.31779,0,22,0
0.224194,0.789838,-1.36303,0,22,0
0.53958,2.1378,-1.73321,0,22,0
0.0206608,1.42475,-2.83945,0,22,0
0.373485,1.47791,-2.34228,0,22,0
0.188074,1.25741,-1.87929,0,22,0
0.185912,1.78989,-1.70916,0,22,0
0.194133,1.19493,-2.08593,0,22,0
1.61264,-3.67714,2.00164,0.93957,2112,0
0.914973,-4.75846,-2.80003,0,22,0
0.0505654,-5.34647,-2.99519,0,22,0
0.518877,-1.50117,2.64302,0,22,0
0.114716,-2.04398,2.57856,0,22,0
0.124462,0.651889,-2.53398,0,22,0
0.134874,-0.257496,-2.08319,0,22,0
4.76494,0.774956,-2.34543,0,22,0
0.984967,0.713499,-2.35562,0,22,0
16.8678,0.769472,-2.38438,0,22,0
5.43994,0.762393,-2.39656,0,22,0
0.150339,5.05181,1.69657,0.13957,211,1
0.341937,4.02962,0.0523309,0.13957,-211,1
2.31548,3.01821,2.77391,0,22,0
10.5964,3.01706,2.80114,0,22,0
0.367615,3.10172,2.41431,0,22,0
2.39749,2.95907,2.43126,0,22,0
1.54236,5.91622,-1.70397,0,22,0
0.0382848,5.45673,-2.01124,0,22,0
0.127685,3.45201,0.880871,0,22,0
0.15965,4.11138,1.55941,0,22,0
0.344384,3.13815,1.19872,0.13957,211,1
0.214877,3.78476,2.69563,0.13957,-211,1
0.53551,2.77612,0.655973,0,22,0
0.251248,3.13815,0.602035,0,22,0
0.157415,1.76942,-0.307911,0,22,0
0.00435914,4.97522,-3.04167,0,22,0
0.632551,0.372998,0.0077403,0,22,0
0.0909899,0.349347,-0.562073,0,22,0
0.34829,0.38947,-0.226397,0,22,0
0.654362,0.473045,0.0445309,0,22,0
0.216812,0.909528,-0.693969,0,22,0
0.11187,1.7038,-0.398885,0,22,0
0.475501,-0.166328,-1.73942,0,22,0
0.0400538,0.609014,-2.3173,0,22,0
0.0719793,-0.886658,-1.19879,0,22,0
0.141508,0.29498,-1.67472,0,22,0
0.274792,-0.515827,-2.51369,0,22,0
1.70984,-0.383878,-2.36747,0,22,0
1.16557,-0.608319,-1.78431,0.93957,-2112,0
0.60524,-0.246666,-1.58759,0.13957,211,1
0.0369808,-1.61642,-1.48636,0,22,0
0.232484,-0.487728,-2.35229,0,22,0
0.0662179,-1.09102,1.0644,0,22,0
0.174836,-1.46601,2.34696,0,22,0
0.3218,-3.24212,-1.91334,0,22,0
0.120586,-2.63357,-1.61623,0,22,0
0.0491495,-2.20177,2.62956,0,22,0
0.504246,-1.40635,2.36728,0,22,0
0.160183,1.57589,-1.1863,0,22,0
0.484345,2.05477,-1.21953,0,22,0
0.0378909,3.85629,-1.54757,0,22,0
0.119795,3.9877,1.53563,0,22,0
0.425067,-4.39246,2.45869,0.13957,211,1
0.115014,-4.89658,0.398367,0.13957,-211,1
0.0612247,-2.84722,-2.04906,0,22,0
0.0422559,-4.79064,2.70499,0,22,0
0.239178,-2.56149,-1.12378,0,22,0
0.4816,-2.53151,-1.52301,0,22,0
0.328974,-1.70106,0.0108511,0,22,0
0.188639,-1.89481,0.522309,0,22,0
0.159018,-2.41186,0.940773,0,22,0
0.0562047,-3.04091,-0.44376,0,22,0
0.0821658,1.86736,-1.52588,0,22,0
0.116631,2.03104,-0.0179359,0,22,0
0.151664,0.982368,-2.49601,0.13957,211,1
0.38511,0.713272,1.87508,0.13957,-211,1
0.202279,4.38941,-0.631803,0,22,0
0.112948,3.79835,-1.3062,0,22,0
0.0169186,1.44262,0.998225,0,22,0
0.269046,1.29012,-2.2872,0,22,0
0.0799269,-0.299205,-1.46129,0,22,0
0.0583821,-2.02059,-1.82861,0,22,0
0.0704073,-6.0491,-1.47793,0.93827,-2212,1
0.0890623,-4.52234,0.251299,0.13957,211,1
0.155552,1.79881,1.35733,0,22,0
0.0422091,0.48203,0.445391,0,22,0
0.138264,-6.8003,0.490722,0,22,0
0.0461064,-6.60749,2.48439,0,22,0
0.346106,-2.96215,-3.04568,0.13957,211,1
0.132678,-2.31052,-1.50949,0.13957,-211,1
0.109779,2.2706,-2.82763,0.13957,211,1
0.495421,2.76324,-1.80755,0.13957,-211,1
0.604747,0.938437,-1.36882,0.13957,211,1
1.03549,0.586542,-1.74907,0.13957,-211,1
0.151048,2.83204,-0.449712,0.13957,211,1
0.170032,4.35242,0.764594,0.13957,-211,1
0.289248,3.28378,-1.29817,0.13957,211,1
0.313975,4.15386,-2.25858,0.13957,-211,1
0.577257,1.04006,-2.96341,0,22,0
0.0267542,0.245478,-2.22983,0,22,0
0.21507,0.326779,-2.69549,0,22,0
0.375168,0.0755176,-3.10118,0,22,0
0.440026,4.98364,2.41947,0,22,0
0.0565755,4.15556,2.49743,0,22,0
0.250723,-0.0768745,-3.12014,0,22,0
0.0192579,-0.530378,-0.651315,0,22,0
0.528738,-1.62215,1.1636,0,22,0
0.878993,-1.69126,0.977793,0,22,0
0.137175,-2.11671,-2.46813,0,22,0
0.0322365,-3.60218,2.50897,0,22,0
0.0416175,-2.6577,-1.36331,0,22,0
0.14734,-1.59183,0.0687788,0,22,0
0.127153,-2.01759,2.74263,0,22,0
0.44444,-2.1692,2.18841,0,22,0
0.156067,-1.88975,-2.8808,0,22,0
0.268084,-1.48329,-2.35717,0,22,0
0.125279,-0.257733,-2.87722,0,22,0
0.0399577,-1.43639,-1.26544,0,22,0
0.100806,0.915783,0.397604,0.13957,211,1
0.0995959,-0.162096,-0.233999,0.13957,-211,1
0.119031,2.78087,-0.0767388,0,22,0
0.0916073,2.6827,-1.47734,0,22,0
1.63464,-3.88959,2.4483,0.93957,-2112,0
0.275931,-3.32437,-0.248375,0,22,0
0.214821,-3.74412,-0.608894,0,22,0
0.141968,-1.28077,-2.56101,0,22,0
0.0360532,-1.96971,-0.428125,0,22,0
2.35335,0.463764,-2.09567,0,22,0
2.97815,0.483056,-2.14287,0,22,0
0.301313,0.496729,-2.07471,0,22,0
0.440065,0.673667,-2.40177,0,22,0
4.49768,0.546372,-2.24259,0.93957,-2112,0
0.0560759,1.16159,2.99012,0,22,0
0.214688,1.7245,-2.1403,0,22,0
177.066,0.807939,-2.42887,0,22,0
7.99081,0.807313,-2.4324,0,22,0
0.0391511,6.66381,-0.680125,0,22,0
0.0865245,7.84098,2.88277,0,22,0
0.457031,0.269379,0.371831,0,22,0
9.59011,0.32511,0.339424,0,22,0
0.589891,0.256008,0.831077,0,22,0
0.616546,0.303616,0.61194,0,22,0
74.2421,0.496487,0.758321,0.13957,-211,1
0.494608,4.90247,1.12761,0,22,0
0.722779,4.91944,1.3532,0,22,0
0.2229,4.32694,-0.207402,0.13957,-211,1
0.149873,-5.97764,-2.01569,0,22,0
0.44606,-5.58344,-2.35663,0,22,0
0.321294,-6.25394,-2.03815,0,22,0
0.117112,-6.28441,-2.74815,0,22,0
0.0224424,-4.4798,-2.71793,0,22,0
0.225134,-6.10926,-2.15478,0,22,0
0.136423,-5.04256,-2.84431,0,22,0
0.0600883,-3.69356,3.10638,0,22,0
0.232461,1.06503,-2.70628,0,22,0
0.127971,1.59083,2.99463,0,22,0
0.292322,4.50694,-0.525609,0.13957,211,1
0.426021,3.87454,-1.01944,0.13957,-211,1
0.122179,0.025039,-2.67929,0,22,0
0.0329624,0.854318,0.917913,0,22,0
0.10118,-0.943996,-1.87658,0,22,0
0.120002,-0.0290289,-1.07884,0,22,0
0.13045,-0.204091,-1.59944,0,22,0
0.187033,-0.664772,-2.34512,0,22,0
0.188942,-3.08836,-2.98061,0.13957,211,1
1.23469,-2.40998,2.96485,0.13957,-211,1
0.1382,-0.250939,0.856268,0,22,0
0.0135832,1.77409,2.8757,0.000511,11,1
0.00346772,-0.630649,-3.11902,0.000511,-11,1
0.161006,-0.252888,0.992132,0,22,0
0.0539199,0.924644,0.236518,0,22,0
0.171565,-0.0725432,1.61938,0,22,0
0.193073,0.489761,2.09875,0,22,0
0.212835,-1.75298,-0.799445,0,22,0
0.0431888,-1.90511,-2.34969,0,22,0
0.0654092,-7.02569,1.44896,0,22,0
0.361726,-6.28962,0.99411,0,22,0
0.297357,-6.49937,0.966086,0,22,0
0.206409,-5.96226,1.0029,0,22,0
0.228755,-5.5812,1.3653,0,22,0
0.1448,-6.08576,0.820024,0,22,0
0.186829,-3.01123,-1.93858,0,22,0
0.118447,-3.60697,-2.6288,0,22,0
0.278782,-2.96249,-2.2269,0,22,0
0.248863,-2.45948,-2.29178,0,22,0
0.0348798,-0.385822,0.141223,0,22,0
0.0117604,-4.22229,0.323736,0,22,0
0.102712,-5.59297,1.14487,0,22,0
0.137028,-4.6842,1.79685,0,22,0
0.246654,4.4517,-0.674059,0,22,0
0.0863875,4.73737,0.236189,0,22,0
0.0638317,3.69937,0.734089,0,22,0
0.0557503,4.7558,-2.08365,0,22,0
0.0795591,4.21944,-2.76389,0,22,0
0.0588729,4.00434,0.776051,0,22,0
0.290773,3.06478,1.29143,0,22,0
0.10061,3.10945,2.10129,0,22,0
0.324727,-6.41767,-1.06734,0,22,0
0.0143898,-7.04095,1.34993,0,22,0
0.149074,-7.75324,1.06908,0,22,0
0.0509964,-8.55692,-0.358818,0,22,0
0.176879,-4.19119,-1.25006,0,22,0
0.0295356,-4.32474,1.14615,0,22,0
0.0341649,-5.0747,1.23062,0,22,0
0.393508,-5.03675,-0.0111534,0,22,0
0.102876,-4.13375,1.77305,0,22,0
0.428699,-4.76471,1.7328,0,22,0
0.430902,-5.26415,1.45906,0,22,0
0.583696,-5.07055,1.64599,0,22,0
0.113926,-1.49656,-0.556343,0,22,0
0.462165,-1.85433,-1.02612,0,22,0
0.236346,-1.81165,-0.0201084,0,22,0
0.368632,-1.49423,-0.349494,0,22,0
0.00815155,-1.90136,-2.69844,0,22,0
0.249124,-4.06131,1.92092,0,22,0
0.00864132,7.52656,-3.11586,0,22,0
0.296458,5.88896,-0.453352,0,22,0
0.040871,4.92661,0.251536,0,22,0
0.142273,5.31051,2.33676,0,22,0
0.074786,-2.47965,0.195639,0,22,0
0.0574302,-1.745,2.76157,0,22,0
0.0843608,-4.43931,0.498982,0,22,0
0.181015,-3.60125,1.18203,0,22,0
0.144397,-2.15629,-1.71092,0,22,0
0.207535,-1.5582,-1.21654,0,22,0
0.186137,-1.14194,0.211912,0,22,0
0.0547162,-0.628515,-1.11625,0,22,0
0.175411,-1.03559,-0.15307,0,22,0
0.0705004,-2.00105,0.543957,0,22,0
0.0811657,-2.44122,1.35483,0,22,0
0.450269,-1.97329,0.823675,0,22,0
0.497111,-3.31177,0.226985,0.93827,2212,1
0.147795,-3.22095,0.9216,0.13957,-211,1
0.157721,-3.11957,1.4015,0,22,0
0.0426464,-3.43211,-0.479363,0,22,0
0.230592,0.621655,-0.96345,0,22,0
0.057936,-0.393684,-1.45965,0,22,0
0.104117,-4.00899,-2.74561,0,22,0
0.098538,-4.10938,2.08415,0,22,0
0.204342,0.211086,-2.05958,0,22,0
0.832814,0.480447,-2.24441,0,22,0
23.4216,0.192594,0.343036,0.13957,211,1
4.07425,0.518362,0.749161,0,22,0
1.81403,0.478906,0.779299,0,22,0
36.5233,0.488148,0.757742,0,22,0
25.8276,0.484481,0.75532,0,22,0
0.89882,4.08318,0.900074,0,22,0
1.12643,4.15087,1.01595,0,22,0
0.108296,3.66613,-0.769788,0,22,0
0.0392456,5.46087,-0.447929,0,22,0
1.25918,0.185534,0.224695,0,22,0
0.294043,0.361734,0.359263,0,22,0
8.97666,0.491274,0.747556,0.13957,211,1
20.3934,0.480614,0.774733,0.13957,-211,1
121.577.

0.103985,3.54398,-1.13721,0.13957,-211,1
0.733201,-2.07283,2.17708,0.49368,-321,1
2.67792,0.602243,0.9992,0.13957,-211,1
1.11067,1.69418,-2.47218,0.13957,211,1
0.429065,2.08862,3.07159,0.13957,-211,1
1.0878,2.02185,-2.50392,0.13957,211,1
0.594799,2.02812,2.66835,0.13957,-211,1
0.915897,0.740414,0.515018,0.13957,211,1
0.823208,-3.42786,-3.01853,0.13957,-211,1
0.750333,-1.83363,-2.4682,0.13957,-211,1
2.4901,-2.24381,2.63541,0.49368,321,1
0.156065,1.85224,-2.56457,0.13957,211,1
0.979157,-1.10602,-2.40854,0.13957,-211,1
2.45022,-0.859011,-1.1215,0.13957,-211,1
0.924813,-3.58747,2.24101,0.13957,211,1
0.596799,-0.90299,-1.98479,0.13957,211,1
0.774184,-1.01573,0.890439,0.13957,-211,1
8.07832,0.097111,-1.0236,0.49368,321,1
5.27893,-0.0722889,-1.08353,0.13957,-211,1
5.32778,-0.418922,-0.943894,0.13957,211,1
0.536322,1.20693,-3.11194,0.13957,211,1
1.04646,2.5357,0.437758,0.13957,-211,1
0.462852,3.38175,-0.25669,0.13957,211,1
0.32227,2.01855,-0.513501,0.13957,211,1
0.620688,5.51395,1.21001,0.49368,-321,1
1.00167,5.94349,2.21216,0.13957,-211,1
1.58613,6.31279,1.75445,0.49368,321,1
1.11283,4.59942,-3.02215,0.13957,-211,1
1.03885,3.25744,2.83572,0.13957,-211,1
90.5429,0.31489,2.36067,0.13957,211,1
14.1734,0.301665,2.38834,0.13957,-211,1
0.408765,0.0345378,2.77332,0.13957,-211,1
0.0544075,4.12174,2.75927,0.13957,211,1
0.0507062,-1.30088,1.49967,0.13957,-211,1
1.6016,1.39407,-0.47963,0.13957,-211,1
1.86035,1.59522,-0.0595274,0.49368,-321,1
1.4571,1.87264,-0.249595,0.49368,-321,1
0.972232,-1.39604,-0.473077,0.13957,-211,1
2.00468,-2.20621,-0.522857,0.13957,211,1
0.973217,-3.52499,-0.447242,0.13957,-211,1
0.359092,-3.66138,1.53011,0.13957,-211,1
0.803117,-6.31431,-2.00944,0.93957,-2112,0
0.745679,-5.58997,-2.00336,0.13957,211,1
0.132098,-5.79369,-1.88973,0.13957,211,1
0.329726,-4.29528,1.86983,0.13957,-211,1
0.394122,-3.09277,-2.79865,0.13957,211,1
0.562575,-2.48568,-1.86302,0.93957,-2112,0
1.09187,-2.03101,1.9408,0.13957,-211,1
0.259817,3.49061,0.489768,0.13957,-211,1
0.399349,1.52554,-0.455757,0.13957,211,1
0.334414,-1.63919,-1.60251,0.13957,211,1
0.345893,-1.70415,-1.26933,0.13957,-211,1
0.643323,-0.786783,-0.122242,0.49368,321,1
0.460399,-2.51696,0.0690887,0.93827,2212,1
0.221138,-0.298988,-0.469551,0.13957,-211,1
0.896251,-2.70561,0.714708,0.93957,-2112,0
0.543195,-1.71273,2.61741,0.13957,211,1
1.66387,-1.09821,1.37748,0.13957,-211,1
0.302135,-3.00914,-2.75321,0.13957,-211,1
0.580912,-6.28851,-1.19974,0.13957,-211,1
0.594792,-7.31628,1.63347,0.93827,-2212,1
6.3833,-0.854624,1.34373,0.13957,-211,1
3.9704,-0.725597,1.26025,0.13957,211,1
11.2386,-0.820032,1.26817,0.13957,-211,1
8.25854,-0.952648,1.35392,0.13957,211,1
5.33835,-1.03114,1.56022,0.13957,-211,1
0.769001,-0.83199,0.935394,0.13957,211,1
2.01481,-1.38336,1.87748,0.13957,-211,1
0.485241,-1.71323,1.48627,0.13957,211,1
0.245235,-3.23364,1.47914,0.13957,-211,1
0.444001,-1.70557,-2.15586,0.13957,211,1
0.495381,-1.89831,1.15727,0.13957,-211,1
0.848241,-2.94193,-1.86533,0.13957,211,1
0.0705756,-2.27445,1.14075,0.13957,-211,1
0.497291,-3.57835,-1.16717,0.13957,211,1
0.455537,-2.48868,-2.80723,0.13957,211,1
0.546927,1.76064,-2.39952,0.13957,211,1
0.531247,3.35464,2.62805,0.13957,211,1
0.312798,5.35573,0.821925,0.13957,211,1
4.44535,5.58788,1.26206,0.13957,211,1
0.577512,5.30094,1.51845,0.13957,211,1
0.172167,5.17306,2.34491,0.13957,-211,1
1.09433,-3.68016,2.60707,0.13957,-211,1
0.197859,2.93772,2.73411,0.49761,130,0
0.694835,-0.027606,2.55726,0.49368,321,1
0.379819,0.350796,0.532554,0.13957,211,1
1.67393,0.801989,1.12144,0.13957,-211,1
0.992664,-3.51083,2.46115,0.13957,211,1
1.16466,-3.52944,-2.29114,0.49761,130,0
3.22356,-3.10166,3.13853,0.49761,130,0
0.0163352,-2.6748,1.40052,0.13957,-211,1
0.311987,-1.81209,2.01102,0.13957,211,1
0.0698829,1.83809,1.48073,0.13957,-211,1
0.594917,-1.2494,-1.77368,0.49368,-321,1
0.139823,-1.66416,3.08572,0.13957,211,1
0.24587,0.219628,0.975237,0.13957,211,1
0.269309,-1.56834,-0.0246818,0.13957,-211,1
0.404992,-2.03695,-0.281288,0.13957,211,1
0.559991,-2.6324,-2.26249,0.13957,211,1
0.337754,-3.26651,-2.20957,0.49368,321,1
0.575552,-1.9392,-2.21016,0.13957,-211,1
0.328116,-2.95182,2.99953,0.13957,-211,1
0.629369,-1.98422,-1.06857,0.13957,-211,1
0.232414,-0.217349,-2.59969,0.13957,211,1
0.329656,-0.0844028,0.852052,0.13957,-211,1
0.438221,-0.145783,-0.486124,0.13957,211,1
0.329493,2.47204,-2.36024,0.13957,-211,1
3.00487,0.0612881,-1.01399,0.49368,-321,1
5.87765,0.0329446,-0.966961,0.13957,211,1
2.4614,0.138782,-0.781074,0.13957,211,1
1.03942,-0.411199,-1.07201,0.13957,-211,1
2.35627,-0.384669,-0.902788,0.13957,-211,1
0.21341,3.13041,0.417033,0.13957,-211,1
1.38913,2.55515,-1.27976,0.13957,-211,1
1.20478,2.47151,-0.558654,0.13957,-211,1
0.775765,3.37809,0.70222,0.49368,321,1
0.318407,5.79146,1.52165,0.13957,211,1
0.127528,2.16525,0.197005,0.13957,211,1
0.774465,3.6571,-2.76859,0.13957,211,1
0.30814,5.03003,1.66753,0.13957,211,1
1.06064,6.16316,-2.27646,0.13957,-211,1
0.857839,7.89594,-2.74161,0.93827,2212,1
0.0559063,8.08359,1.56752,0.13957,211,1
147.102,0.313463,2.36605,0.13957,-211,1
40.2174,0.308522,2.35788,0.13957,211,1
7.37368,0.342241,2.43146,0.13957,211,1
9.35313,0.328082,2.30485,0.13957,-211,1
2.16453,0.254759,2.53887,0.13957,211,1
0.416747,1.47601,-1.55765,0.49761,130,0
1.25762,1.49114,0.150461,0.13957,211,1
0.13504,0.461779,0.400461,0.13957,-211,1
1.09786,0.979814,0.145651,0.13957,211,1
0.458962,1.31874,0.931021,0.13957,211,1
2.33048,2.06933,-0.658893,0.49368,321,1
5.97084,2.15634,-0.531089,0.13957,211,1
1.21247,2.8058,-0.0933371,0.49368,321,1
0.865575,2.2822,0.0272304,0.13957,-211,1
1.18287,-3.33979,0.118683,0.13957,211,1
1.81734,-4.3462,-0.132521,0.93957,2112,0
1.11473,-4.43393,-0.943016,0.93957,-2112,0
0.0899206,-3.42161,0.499255,0.13957,211,1
0.743811,-4.87065,-0.177403,0.13957,-211,1
1.80514,-5.21273,-0.644846,0.93957,2112,0
0.942204,-4.75247,2.73858,0.13957,-211,1
0.654853,-4.15936,1.31582,0.13957,211,1
0.255499,-5.33084,-2.71044,0.13957,-211,1
1.15954,-4.27747,0.901663,0.93827,2212,1
0.334672,-2.9566,2.13068,0.13957,-211,1
0.210187,2.68516,-1.24124,0.13957,211,1
0.413221,3.7379,-2.5216,0.13957,-211,1
0.698724,2.38539,2.9092,0.93827,2212,1
0.117311,2.82275,-1.54344,0.13957,211,1
0.737843,1.63313,3.13294,0.93957,-2112,0
0.268537,1.61904,-2.07386,0.13957,-211,1
0.84119,1.15839,-2.52337,0.49761,130,0
0.123177,1.19262,0.400073,0.13957,-211,1
0.267673,-2.32343,-0.0168128,0.49368,-321,1
0.615008,-2.65756,2.38515,0.13957,211,1
0.259466,-3.86083,-0.248161,0.13957,211,1
0.494864,-9.42218,2.269,0.93827,2212,1
0.232519,-7.59699,1.69239,0.13957,211,1
0.350301,-3.97515,0.410142,0.13957,211,1
0.237644,-5.68579,2.6274,0.13957,-211,1
2.50365,-1.23614,1.62506,0.13957,-211,1
1.21923,-1.1223,1.3426,0.13957,211,1
0.441497,-1.64403,-2.99119,0.13957,211,1
0.47897,-2.92649,2.68699,0.13957,-211,1
0.387867,-2.0356,-1.73265,0.13957,211,1
0.0222721,-6.86049,2.24479,0.49761,130,0
0.258186,-3.08699,-1.70228,0.49761,130,0
0.504494,-3.18185,-1.05064,0.13957,-211,1
0.924856,-2.67073,-0.729871,0.13957,-211,1
0.408712,3.52581,0.91056,0.13957,-211,1
0.538942,5.031,0.0807549,0.13957,-211,1
0.253424,4.73019,-2.91404,0.13957,211,1
0.480226,5.2115,-0.0292424,0.13957,-211,1
0.667412,5.25591,1.47178,0.13957,-211,1
0.8793,5.57806,0.883639,0.13957,-211,1
0.415707,3.5654,-0.64118,0.13957,211,1
0.458692,2.98878,-0.504326,0.13957,-211,1
0.284852,-2.26598,-0.323662,0.49368,-321,1
0.261575,-1.23396,-3.06573,0.13957,211,1
0.57049,-3.51705,2.07541,0.13957,211,1
0.666672,-3.63937,-2.70069,0.13957,211,1
0.179316,-3.29413,-0.548355,0.13957,-211,1
0.771333,3.2172,-2.72404,0.49761,130,0
0.755603,1.21223,-0.282973,0.49761,130,0
0.874326,0.629675,-2.01928,0.49761,130,0
0.241144,-3.58915,1.58381,0.49761,130,0
0.930062,-2.91471,-2.21036,0.49761,130,0
0.645876,0.566444,1.11344,0,22,0
0.157483,0.556647,-3.10358,0,22,0
0.720527,1.98476,-0.330944,0,22,0
2.88861,1.9455,-0.415895,0,22,0
0.340559,2.50012,-0.465567,0.13957,211,1
0.328411,1.88516,0.18266,0.13957,-211,1
0.0743846,-0.0542168,0.357437,0,22,0
0.509191,-0.0509084,1.06571,0,22,0
2.89783,0.488297,0.990114,0.93957,2112,0
0.488932,0.0986297,0.839332,0.13957,211,1
0.590525,-0.443386,0.256492,0,22,0
0.0377546,0.335615,-0.16987,0,22,0
0.703809,1.55692,-2.25136,0,22,0
0.81265,1.72625,-2.19555,0,22,0
0.157161,-2.95857,-1.66065,0,22,0
0.143203,-3.82613,-1.75272,0,22,0
0.515418,-3.59707,-2.31716,0.13957,211,1
1.3389,-3.22194,-2.71346,0.13957,-211,1
2.00978,-2.58894,2.88434,0.13957,211,1
0.4855,-2.3462,2.46775,0.13957,-211,1
0.834603,-2.28904,2.80453,0,22,0
0.51627,-2.13759,2.94359,0,22,0
0.514927,-2.01078,2.41723,0.13957,211,1
0.592349,-2.63185,2.23978,0.13957,-211,1
0.212171,0.715363,1.37117,0.13957,211,1
0.214821,0.106287,-0.174972,0.13957,-211,1
0.0897002,-1.28864,-0.356295,0,22,0
0.0412358,-2.35432,2.21034,0,22,0
0.731405,-0.598332,-1.30807,0.13957,211,1
0.995622,-0.798929,-1.14288,0.13957,-211,1
1.23939,-1.43973,-1.26714,0,22,0
0.122935,-0.601967,-2.44057,0,22,0
0.260532,-3.15465,2.60244,0,22,0
0.331499,-3.35351,2.18556,0,22,0
0.214939,-3.09742,1.85152,0,22,0
0.0564858,-3.46241,0.603304,0,22,0
0.427728,0.0806413,-1.01543,0,22,0
0.604675,0.206206,-1.84359,0,22,0
0.564453,-0.0171122,-1.90107,0,22,0
2.69589,-0.407067,-0.922235,0,22,0
4.59109,-0.411691,-0.884145,0,22,0
3.93629,-0.53943,-1.00902,0.13957,211,1
2.5505,-0.623148,-0.862085,0.13957,-211,1
0.513528,-0.481677,-0.965176,0,22,0
0.0643317,1.41213,-0.234541,0.13957,211,1
0.450166,1.74792,1.96678,0.13957,-211,1
0.231775,2.41046,-2.27905,0,22,0
0.753303,2.27406,-1.98522,0,22,0
0.126292,3.45364,-1.50708,0,22,0
0.582235,3.72681,-1.9257,0,22,0
0.159855,2.90009,-0.0671569,0.13957,211,1
0.331429,3.33101,-0.377089,0.13957,-211,1
0.286913,4.02129,1.05658,0,22,0
0.183994,4.36367,-1.21738,0.13957,211,1
0.352364,3.31933,0.352514,0.13957,-211,1
0.162578,5.32796,0.978317,0,22,0
0.192265,5.90538,0.483285,0,22,0
0.0329268,8.36319,-2.90738,0.13957,211,1
0.177258,6.31264,1.18976,0.13957,-211,1
0.128008,4.41251,0.93779,0.13957,-211,1
0.029136,3.58989,1.13076,0,22,0
0.381617,4.99243,1.31155,0.13957,211,1
0.11902,6.64933,-3.03309,0.13957,-211,1
0.279821,7.22785,-0.371356,0,22,0
0.0188484,8.1545,-2.21169,0,22,0
1.10398,0.116861,2.4002,0,22,0
0.548503,0.426495,2.47357,0.13957,211,1
0.409407,-0.375165,2.92461,0.13957,-211,1
1.09948,1.38294,0.526498,0,22,0
0.368799,1.24813,0.401012,0.000511,11,1
0.138711,1.26178,0.406179,0.000511,-11,1
1.24436,2.17439,-0.896161,0,22,0
0.0127762,2.39432,0.206446,0,22,0
1.33878,2.17716,-0.40116,0.13957,211,1
1.11901,2.07123,-0.416399,0.13957,-211,1
0.0890612,2.83351,0.0815314,0,22,0
0.1559,2.57128,-0.860653,0,22,0
0.210898,-2.87573,1.50965,0.13957,211,1
0.287473,-2.0229,-0.0523331,0.13957,-211,1
0.497663,-2.40517,-0.0789733,0.13957,211,1
0.42697,-2.7648,-0.126885,0.13957,-211,1
0.327647,-3.85418,8.72606e-05,0,22,0
1.86952,-3.68115,-0.69185,0,22,0
0.744152,-4.59289,-0.648515,0,22,0
0.628728,-4.39611,-0.638759,0,22,0
0.145031,-5.5545,-1.02077,0,22,0
0.219928,-5.02312,-0.483154,0,22,0
0.598711,-5.26663,-1.74227,0,22,0
0.28515,-5.37123,-1.43156,0,22,0
0.137869,-5.09016,0.310976,0.13957,211,1
0.19646,-5.0596,1.40365,0.13957,-211,1
0.44532,-3.75421,2.39829,0,22,0
0.0561149,-4.25014,1.69229,0,22,0
0.325837,2.67422,-2.23577,0,22,0
0.190832,1.33024,-0.290344,0,22,0
0.765116,-1.67921,-1.34491,0.13957,211,1
0.680283,-1.8102,-1.03176,0.13957,-211,1
0.355864,-1.81467,-0.0405839,0,22,0
0.469868,-1.50188,-0.142227,0,22,0
0.244065,-1.8598,-2.44743,0,22,0
0.369351,-1.44438,-2.61206,0,22,0
0.193054,-2.36806,0.357964,0,22,0
0.408474,-1.63006,2.59514,0,22,0
0.261494,-2.74798,-2.51429,0.13957,211,1
0.215649,-2.07131,3.07924,0.13957,-211,1
3.16577,-0.913841,1.42268,0,22,0
4.15186,-0.885376,1.31846,0,22,0
1.41208,-0.87053,1.3722,0,22,0
0.879004,-0.754894,1.23279,0,22,0
7.32852,-0.789447,1.27322,0,22,0
2.06487,-1.03573,1.39277,0,22,0
0.460685,-1.10861,1.27506,0,22,0
0.267282,-1.2441,1.11111,0.13957,211,1
0.401195,-1.42604,2.95236,0.13957,-211,1
0.206987,2.26263,0.355032,0,22,0
0.0282302,2.49437,2.48685,0,22,0
0.209606,2.56475,0.0833665,0,22,0
0.13228,2.1071,-0.595942,0,22,0
0.0691891,4.18807,0.290444,0,22,0
0.273196,5.0454,0.721248,0,22,0
0.368517,2.1718,-2.22626,0.93827,2212,1
0.176725,1.49942,-1.65495,0.13957,-211,1
0.123359,-2.96078,1.02222,0.13957,211,1
1.57355,1.36532,1.81181,0.13957,211,1
0.26954,1.63252,2.26434,0.13957,-211,1
0.496391,0.313649,1.98591,0,22,0
0.140447,0.501635,1.50604,0,22,0
0.682022,0.933827,1.30761,0.93957,-2112,0
0.415719,0.949725,0.584622,0,22,0
0.194408,1.34799,0.329543,0,22,0
0.524564,-3.11015,-2.97801,0,22,0
0.563111,-3.12812,3.05683,0,22,0
0.265071,1.00211,-0.814244,0,22,0
0.0193468,-0.656605,-0.481298,0,22,0
0.31723,-1.33231,-2.85023,0.13957,211,1
0.586069,-0.723,-2.10685,0.13957,-211,1
0.0732172,0.132554,0.188584,0,22,0
0.235802,-0.682902,-0.414362,0,22,0
0.939112,-0.984624,-1.81015,0,22,0
0.705379,-0.832337,-1.87549,0,22,0
0.062026,-1.2171,-0.468395,0,22,0
0.58085,-0.995524,-1.15753,0,22,0
0.104563,-1.79435,-1.76483,0,22,0
0.487742,-1.34765,-2.16031,0,22,0
0.416378,-1.83554,-1.61502,0.13957,211,1
1.22708,-2.01452,-2.10178,0.13957,-211,1
0.0874957,-5.83712,-1.40851,0,22,0
0.0733879,-4.68167,-2.64674,0,22,0
0.0762706,-2.96568,2.37101,0,22,0
0.125122,-3.69343,1.12818,0,22,0
0.246682,0.513899,2.58948,0,22,0
0.627509,0.835882,2.70413,0,22,0
0.212568,1.01901,-1.28742,0,22,0
0.134948,1.71511,-0.923888,0,22,0
17.351,-0.484868,-0.909049,0,22,0
6.53644,-0.478802,-0.89792,0,22,0
0.285064,1.4885,2.76768,0.13957,211,1
1.17977,1.3163,2.14921,0.13957,-211,1
0.316697,1.92297,0.538839,0,22,0
1.04683,1.81387,0.330998,0,22,0
0.359975,3.29456,-0.420903,0,22,0
0.0197817,1.84087,-0.206035,0,22,0
0.270119,3.53927,-0.258266,0,22,0
1.53314,3.35832,-0.363972,0,22,0
0.250575,3.12701,-0.295195,0,22,0
0.317814,2.66431,-0.191014,0,22,0
0.298214,3.67097,0.278914,0,22,0
0.333171,3.74144,0.704503,0,22,0
0.341146,3.00014,-2.33326,0.13957,211,1
0.375456,3.3631,2.81294,0.13957,-211,1
0.417398,4.58926,-2.8409,0,22,0
0.157588,4.81747,-2.36234,0,22,0
0.3716,5.11118,-1.44346,0.13957,211,1
0.0998815,5.87224,2.14935,0.13957,-211,1
0.386025,3.54887,3.13834,0,22,0
0.131809,3.35073,2.56603,0,22,0
0.145353,5.05476,-1.4042,0,22,0
0.182605,5.6075,-2.02491,0,22,0
0.0268716,6.71923,-1.58739,0,22,0
0.235762,6.57991,2.68247,0,22,0
26.3695,0.31015,2.35905,0,22,0
2.83663,0.301615,2.35819,0.000511,11,1
5.25063,0.300592,2.35848,0.000511,-11,1
100.774,0.31997,2.36251,0,22,0
38.4477,0.319145,2.36452,0,22,0
5.13541,0.385354,2.38844,0,22,0
2.64082,0.348928,2.38438,0,22,0
0.157164,-0.199617,-0.224921,0.13957,211,1
0.107339,2.16725,-0.631703,0.13957,-211,1
2.29047,1.23616,0.0926229,0,22,0
1.9647,1.18297,0.0577048,0,22,0
0.0507887,1.58935,1.1246,0,22,0
0.127637,1.28193,-0.811958,0,22,0
0.674822,2.31827,-0.696801,0,22,0
0.669938,2.51866,-0.693413,0,22,0
0.0834294,-2.67686,1.07562,0,22,0
0.148957,-3.7194,1.60832,0,22,0
0.661184,-4.42655,-0.24824,0,22,0
0.572725,-4.21432,-0.194335,0,22,0
0.371499,-4.71554,-0.422627,0,22,0
0.240486,-4.95888,-0.0402657,0,22,0
0.14562,-5.31396,-1.13856,0,22,0
0.309628,-5.12545,-1.75528,0,22,0
0.038013,-6.87826,2.30664,0,22,0
0.286694,-6.15778,1.18595,0,22,0
0.543413,-1.6237,1.24008,0,22,0
0.0192001,-0.523243,0.589941,0,22,0
0.157755,-1.7749,-3.02788,0,22,0
0.416532,-1.47237,2.82175,0,22,0
2.17613,-0.864575,1.39057,0,22,0
0.629799,-0.757519,1.34788,0,22,0
0.77194,-1.04523,1.11388,0,22,0
0.207201,-0.807137,1.35309,0,22,0
1.10674,-3.00897,-0.921562,0.93827,2212,1
0.328892,-2.59201,-1.07587,0.13957,-211,1
0.00852191,0.693916,-1.6573,0,22,0
0.378026,2.35717,0.00845158,0,22,0
0.273101,3.87643,-1.66728,0,22,0
0.0168194,3.47067,1.02279,0,22,0
0.0282586,6.99724,0.265483,0,22,0
0.481369,5.95102,0.643563,0,22,0
0.572147,6.12091,1.2742,0,22,0
0.188129,5.88314,1.61114,0,22,0
0.633654,5.36706,1.06741,0.13957,211,1
2.87863,5.53654,1.22926,0.13957,-211,1
0.288316,6.01916,0.669163,0.13957,211,1
0.590966,5.45591,1.51079,0.13957,-211,1
0.159838,5.1183,2.76817,0,22,0
0.25892,4.72352,2.23034,0,22,0
0.384384,2.87481,2.62748,0,22,0
0.0926316,2.92299,1.89769,0,22,0
0.605158,-3.57517,-2.76258,0,22,0
0.155462,-3.22211,-2.50163,0,22,0
0.637023,3.64198,1.04676,0.13957,211,1
0.42695,3.74919,1.84652,0.13957,-211,1
0.103481,3.21018,2.84742,0,22,0
0.0336793,1.90249,0.595276,0,22,0
0.210181,0.605588,-1.22731,0,22,0
0.0854826,0.625742,-0.172241,0,22,0
0.101549,0.841792,-1.26733,0,22,0
0.301304,0.672846,-0.495411,0,22,0
0.788109,0.370939,-0.909071,0,22,0
0.302355,0.640766,-0.965738,0,22,0
0.0441068,-4.17064,-2.02433,0,22,0
0.0481647,-1.89379,-2.90574,0,22,0
0.189085,-2.23145,2.62817,0,22,0
0.0917897,-2.7651,-2.75414,0,22,0
0.258155,-1.87801,2.07167,0,22,0
0.318725,-1.59894,2.45217,0,22,0
0.461023,-0.0313533,0.320088,0,22,0
0.169024,-0.501928,0.229199,0,22,0
0.147475,-1.47747,-1.10487,0,22,0
0.0657341,-1.26978,-2.59365,0,22,0
11.2689,-0.0283561,-0.999402,0.13957,-211,1
1.46215,-0.570312,-0.869517,0,22,0
0.969107,-0.509388,-0.965184,0,22,0
49.9151,-0.489861,-0.896672,0.13957,211,1
0.0257231,1.76151,0.460369,0,22,0
0.189937,2.32499,2.80874,0,22,0
0.125401,4.34295,-0.828916,0,22,0
0.3506,2.42339,0.672856,0,22,0
1.42734,2.98142,0.337303,0,22,0
0.33723,3.00834,0.530286,0,22,0
0.0809781,2.36585,2.44276,0,22,0
0.0516301,2.95612,-0.669815,0,22,0
0.381143,5.88668,2.67245,0,22,0
0.244907,5.96589,2.23432,0,22,0
0.127253,6.41858,-2.95088,0.93827,2212,1
0.100111,4.73699,-0.883621,0.13957,-211,1
0.253312,6.51904,-1.99128,0.93827,-2212,1
0.0880051,5.17992,-1.53812,0.13957,211,1
0.203097,5.48174,2.19483,0,22,0
0.0141213,7.56606,2.6333,0,22,0
2.88111,0.33715,2.27481,0,22,0
4.55462,0.34484,2.23835,0,22,0
0.0364918,-0.565076,-3.03322,0,22,0
0.0952752,0.736936,0.977012,0,22,0
0.410073,2.3555,-0.68697,0,22,0
0.16038,2.25096,-0.165232,0,22,0
1.77353,2.33881,-0.303992,0.93827,2212,1
0.486319,2.08002,-0.400185,0.13957,-211,1
1.66916,2.54403,-0.41433,0.93827,-2212,1
0.424434,2.35969,-0.169312,0.13957,211,1
0.23992,-2.06716,0.830583,0,22,0
0.372729,-2.00412,0.379825,0,22,0
0.0843474,-3.30564,-2.51882,0,22,0
0.0582355,-3.56278,1.22978,0,22,0
0.112101,-4.42791,1.02369,0,22,0
0.0474508,-2.7891,0.736436,0,22,0
0.105176,-3.81741,2.50386,0,22,0
0.0848765,-3.2824,1.05949,0,22,0
0.0377412,-3.40254,-1.82003,0,22,0
0.105625,-2.66158,1.38617,0,22,0
0.0871995,-2.82587,3.0124,0,22,0
0.189871,-2.36217,2.03507,0,22,0
0.0357403,-0.232155,-2.17967,0,22,0
0.0342817,-2.81414,1.62901,0,22,0
0.095504,-2.27424,2.23175,0,22,0
0.125532,-2.08318,0.922373,0,22,0
0.0838665,-5.17295,2.73814,0,22,0
0.0277456,-2.98088,-2.64012,0,22,0
0.057173,-3.65998,-1.00636,0,22,0
0.182536,-3.63316,-2.44936,0,22,0
0.121443,-3.83473,-3.00923,0,22,0
0.105227,-4.96711,-2.98833,0,22,0
4.69508,-0.800072,1.31417,0,22,0
2.13997,-0.758829,1.32476,0,22,0
0.020426,-2.21129,-2.68118,0,22,0
0.0789887,0.355241,-2.23577,0,22,0
0.477399,5.9542,1.99305,0,22,0
0.00811537,6.90497,-1.67561,0,22,0
0.18035,5.8029,1.84602,0,22,0
0.385664,5.50879,1.42479,0,22,0
0.0382135,5.98939,0.40523,0,22,0
0.262145,5.92385,1.88314,0,22,0
0.362433,-2.90693,2.30854,0.93957,-2112,0
0.190079,0.753592,0.791518,0,22,0
0.0810263,-0.0669782,1.49205,0,22,0
0.0955193,1.90243,0.0698564,0,22,0
0.420749,2.38654,0.537091,0,22,0
0.289818,2.48205,0.717224,0,22,0
0.954817,2.7247,0.798918,0,22,0
0.192551,-2.09888,-0.866932,0,22,0
0.189845,-1.8116,-1.52309,0,22,0
0.122641,-2.43258,0.0266272,0,22,0
0.0566642,-3.90511,-0.153014,0,22,0
6.78562,0.0373178,-0.992841,0,22,0
17.7718,-0.00551887,-1.03736,0,22,0
11.3137,0.00348309,-1.03426,0,22,0
13.7391,-0.0354103,-1.04135,0.13957,211,1
18.3465,-0.0272275,-0.995145,0.13957,-211,1
24.9466,-0.468769,-0.911889,0.13957,211,1
27.2293,-0.466485,-0.926492,0.13957,-211,1
0.0425976,-1.50973,2.65563,0,22,0
0.0146065,-4.81822,-0.171983,0,22,0
32.2047,-0.4707,-0.910988,0.49368,321,1
19.0326,-0.48077,-0.932723,0.13957,-211,1
23.2222,-0.462064,-0.90879,0,22,0
28.0702,-0.457153,-0.910748,0,22,0
21.1279,-0.46898,-0.902475,0,22,0
8.14335,-0.46585,-0.912278,0,22,0
0.65945,-0.466296,-0.907833,0,22,0
46.3401,-0.487629,-0.919712,0,22,0
2.26723,-0.497509,-0.892216,0,22,0
17.127,-0.502908,-0.913194,0,22,0
15.1406,-0.00601129,-0.950143,0,22,0
1.65163,-0.0327926,-0.953507,0,22,0
1.68125,0.059062,-0.992757,0,22,0
6.89893,0.0307785,-1.02052,0,22,0
19.0112,0.0217933,-1.00114,0,22,0
19.0059,0.027692,-0.99719,0,22,0
127.291.

